;,;,;,;,;,;,;,;,;,;,;,;,,,,
;group,1,2019/06/20 Ver-0.01a,,,;read address000,,,,,,,212,,,
11325,;現在ファイル番号,,,,,,,,,,,2,,,
65472,;現在ファイルコメント,,,,,,,,,,,20,,,
65440,;現在時刻,,,,,,,,,,,6,,,
3456,3457,3458,3459,3460,3461,3462,3463,;シーケンサー情報1,,,,1,,,
3464,3465,3466,3467,3468,3469,2677,2688,;シーケンサー情報2,,,,1,,,
10840,10764,;全体速度/教示速度,,,,,,,,,,2,,,
10760,10761,10762,10763,";警報画面1,2　警告画面　動作表示",,,,,,,,4,,,
10948,10949,;ユーザーレベル/選択言語,,,,,,,,,,2,,,
65534,;予備,,,,,,,,,,,2,,,
65534,;予備,,,,,,,,,,,2,,,
65534,;予備,,,,,,,,,,,2,,,
51535,;取出回数,,,,,,,,,,,4,,,
51534,;不良回数,,,,,,,,,,,4,,,
51533,;取出時間,,,,,,,,,,,4,,,
51532,;開放時間,,,,,,,,,,,4,,,
51531,;成型時間,,,,,,,,,,,4,,,
44607,;生産予定数,,,,,,,,,,,4,,,
44606,;1回取出数,,,,,,,,,,,2,,,
65452,;終了予想時間,,,,,,,,,,,6,,,
44605,;終了予告前時間,,,,,,,,,,,2,,,
2816,2822,2821,2833,2832,2819,2840,65532,;HL 原点センサー,,,,1,,,
2818,65532,65532,65532,65532,2820,2841,65532,;OL オーバーランセンサー,,,,1,,,
2640,2641,2642,2643,2644,2645,2646,65532,;MB メカブレーキ開放,,,,1,,,
65532,65532,65532,65532,65532,65532,65532,65532,;予備,,,,1,,,
51568,27840,65280,27808,27824,;1番目軸　現在位置、速度、エンコーダ、Z相位置、トルク,,,,,,,14,,,
51569,27841,65281,27809,27825,;2番目軸　現在位置、速度、エンコーダ、Z相位置、トルク,,,,,,,14,,,
51570,27842,65282,27810,27826,;3番目軸　現在位置、速度、エンコーダ、Z相位置、トルク,,,,,,,14,,,
51571,27843,65283,27811,27827,;4番目軸　現在位置、速度、エンコーダ、Z相位置、トルク,,,,,,,14,,,
51572,27844,65284,27812,27828,;5番目軸　現在位置、速度、エンコーダ、Z相位置、トルク,,,,,,,14,,,
51573,27845,65285,27813,27829,;6番目軸　現在位置、速度、エンコーダ、Z相位置、トルク,,,,,,,14,,,
51574,27846,65286,27814,27830,;7番目軸　現在位置、速度、エンコーダ、Z相位置、トルク,,,,,,,14,,,
2816,2817,2832,2833,;I/O表示　Page1,,,,,,,,2,,,
2818,2819,2834,2835,;（IO100～IO10F),,,,,,,,,,,
2820,2821,2836,2837,;実入力1,,,,,,,,,,,
2822,2823,2838,2839,;,,,,,,,,,,,
2824,2825,2840,2841,;,,,,,,,,2,,,
2826,2827,2842,2843,;,,,,,,,,,,,
2828,2829,2844,2845,;,,,,,,,,,,,
2830,2831,2846,2847,;,,,,,,,,,,,
3072,3073,3088,3089,;I/O表示　Page２,,,,,,,,2,,,
3074,3075,3090,3091,;（IO200～IO20F),,,,,,,,,,,
3076,3077,3092,3093,;実出力1,,,,,,,,,,,
3078,3079,3094,3095,;,,,,,,,,,,,
3080,3081,3096,3097,;,,,,,,,,2,,,
3082,3083,3098,3099,;,,,,,,,,,,,
3084,3085,3100,3101,;,,,,,,,,,,,
3086,3087,3102,3103,;,,,,,,,,,,,
2848,2849,2864,2865,;I/O表示　Page３,,,,,,,,2,,,
2850,2851,2866,2867,;（IO110～IO11F),,,,,,,,,,,
2852,2853,2868,2869,;実入力2,,,,,,,,,,,
2854,2855,2870,2871,;,,,,,,,,,,,
2856,2857,2872,2873,;,,,,,,,,2,,,
2858,2859,2874,2875,;,,,,,,,,,,,
2860,2861,2876,2877,;,,,,,,,,,,,
2862,2863,2878,2879,;,,,,,,,,,,,
3104,3105,3120,3121,;I/O表示　Page４,,,,,,,,2,,,
3106,3107,3122,3123,;（IO210～IO21F),,,,,,,,,,,
3108,3109,3124,3125,;実出力2,,,,,,,,,,,
3110,3111,3126,3127,;,,,,,,,,,,,
3112,3113,3128,3129,;,,,,,,,,2,,,
3114,3115,3130,3131,;,,,,,,,,,,,
3116,3117,3132,3133,;,,,,,,,,,,,
3118,3119,3134,3135,;,,,,,,,,,,,
2880,2881,2896,2897,;I/O表示　Page5,,,,,,,,2,,,
2882,2883,2898,2899,;（IO120～IO12F),,,,,,,,,,,
2884,2885,2900,2901,;実入力3,,,,,,,,,,,
2886,2887,2902,2903,;,,,,,,,,,,,
2888,2889,2904,2905,;,,,,,,,,2,,,
2890,2891,2906,2907,;,,,,,,,,,,,
2892,2893,2908,2909,;,,,,,,,,,,,
2894,2895,2910,2911,;,,,,,,,,,,,
3136,3137,3152,3153,;I/O表示　Page6,,,,,,,,2,,,
3138,3139,3154,3155,;（IO220～IO22F),,,,,,,,,,,
3140,3141,3156,3157,;実出力3,,,,,,,,,,,
3142,3143,3158,3159,;,,,,,,,,,,,
3144,3145,3160,3161,;,,,,,,,,2,,,
3146,3147,3162,3163,;,,,,,,,,,,,
3148,3149,3164,3165,;,,,,,,,,,,,
3150,3151,3166,3167,;,,,,,,,,,,,
2912,2913,2928,2929,;I/O表示　Page７,,,,,,,,2,,,
2914,2915,2930,2931,;（IO130～IO13F),,,,,,,,,,,
2916,2917,2932,2933,;実入力4,,,,,,,,,,,
2918,2919,2934,2935,;,,,,,,,,,,,
2920,2921,2936,2937,;,,,,,,,,2,,,
2922,2923,2938,2939,;,,,,,,,,,,,
2924,2925,2940,2941,;,,,,,,,,,,,
2926,2927,2942,2943,;,,,,,,,,,,,
3168,3169,3184,3185,;I/O表示　Page8,,,,,,,,2,,,
3170,3171,3186,3187,;（IO230～IO23F),,,,,,,,,,,
3172,3173,3188,3189,;実出力4,,,,,,,,,,,
3174,3175,3190,3191,;,,,,,,,,,,,
3176,3177,3192,3193,;,,,,,,,,2,,,
3178,3179,3194,3195,;,,,,,,,,,,,
3180,3181,3196,3197,;,,,,,,,,,,,
3182,3183,3198,3199,;,,,,,,,,,,,
;group,2,;自動運転mode表示,,,;read address001,,,,,,,190,,,
11325,;現在ファイル番号,,,,,,,,,,1,2,,,
65472,;現在ファイルコメント,,,,,,,,,,1,20,,,
65440,;現在時刻,,,,,,,,,,1,6,,,
3456,3457,3458,3459,3460,3461,3462,3463,;シーケンサー情報1,,,1,1,,,
3464,3465,3466,3467,3468,3469,2677,2688,;シーケンサー情報2,,,1,1,,,
10840,10764,;全体速度/教示速度,,,,,,,,,1,2,,,
10760,10761,10762,10763,";警報画面1,2　警告画面　動作表示",,,,,,,1,4,,,
10948,10949,;ユーザーレベル/選択言語,,,,,,,,,1,2,,,
65534,;予備,,,,,,,,,,1,2,,,
65534,;予備,,,,,,,,,,1,2,,,
65534,;予備,,,,,,,,,,1,2,,,
51535,;取出回数,,,,,,,,,,1,4,,,
51534,;不良回数,,,,,,,,,,1,4,,,
51533,;取出時間,,,,,,,,,,1,4,,,
51532,;開放時間,,,,,,,,,,1,4,,,
51531,;成型時間,,,,,,,,,,1,4,,,
44607,;生産予定数,,,,,,,,,,1,4,,,
44606,;1回取出数,,,,,,,,,,1,2,,,
65452,;終了予想時間,,,,,,,,,,1,6,,,
44605,;終了予告前時間,,,,,,,,,,1,2,,,
2816,2822,2821,2833,2832,2819,2840,65532,;HL 原点センサー,,,1,1,,,
2818,65532,65532,65532,65532,2820,2841,65532,;OL オーバーランセンサー,,,1,1,,,
2640,2641,2642,2643,2644,2645,2646,65532,;MB メカブレーキ開放,,,1,1,,,
65532,65532,65532,65532,65532,65532,65532,65532,;予備,,,1,1,,,
51568,27840,65280,27808,27824,;1番目軸　現在位置、速度、エンコーダ、Z相位置、トルク,,,,,,1,14,,,
51569,27841,65281,27809,27825,;2番目軸　現在位置、速度、エンコーダ、Z相位置、トルク,,,,,,1,14,,,
51570,27842,65282,27810,27826,;3番目軸　現在位置、速度、エンコーダ、Z相位置、トルク,,,,,,1,14,,,
51571,27843,65283,27811,27827,;4番目軸　現在位置、速度、エンコーダ、Z相位置、トルク,,,,,,1,14,,,
51572,27844,65284,27812,27828,;5番目軸　現在位置、速度、エンコーダ、Z相位置、トルク,,,,,,1,14,,,
51573,27845,65285,27813,27829,;6番目軸　現在位置、速度、エンコーダ、Z相位置、トルク,,,,,,1,14,,,
51574,27846,65286,27814,27830,;7番目軸　現在位置、速度、エンコーダ、Z相位置、トルク,,,,,,1,14,,,
3520,3521,;機能選択表示　page1,,,,,,,,,,2,,,
3522,3523,;,,,,,,,,,,,,,
3524,3525,;,,,,,,,,,,,,,
3526,3527,;,,,,,,,,,,,,,
3528,3529,;,,,,,,,,,,,,,
3530,3531,;,,,,,,,,,,,,,
3532,3533,;,,,,,,,,,,,,,
3534,3535,;,,,,,,,,,,,,,
3536,3537,;,,,,,,,,,,2,,,
3538,3539,;,,,,,,,,,,,,,
3540,3541,;,,,,,,,,,,,,,
3542,3543,;機能選択表示　page2,,,,,,,,,,,,,
3544,3545,;,,,,,,,,,,,,,
3546,3547,;,,,,,,,,,,,,,
3548,3549,;,,,,,,,,,,,,,
3550,3551,;,,,,,,,,,,,,,
3552,3553,;,,,,,,,,,,2,,,
3554,3555,;,,,,,,,,,,,,,
3556,3557,;,,,,,,,,,,,,,
3558,3559,;,,,,,,,,,,,,,
3560,3561,;,,,,,,,,,,,,,
3562,3563,;,,,,,,,,,,,,,
3564,3565,;機能選択表示　page3,,,,,,,,,,,,,
3566,3567,;,,,,,,,,,,,,,
3568,3569,;,,,,,,,,,,2,,,
3570,3571,;,,,,,,,,,,,,,
3572,3573,;,,,,,,,,,,,,,
3574,3575,;,,,,,,,,,,,,,
3576,3577,;,,,,,,,,,,,,,
3578,3579,;,,,,,,,,,,,,,
3580,3581,;,,,,,,,,,,,,,
3582,3583,;,,,,,,,,,,,,,
65534,65534,;,,,,,,,,,,2,,,
;group,3,;自動運転timer表示,,,;read address002,,,,,,,214,,,
11325,;現在ファイル番号,,,,,,,,,,1,2,,,
65472,;現在ファイルコメント,,,,,,,,,,1,20,,,
65440,;現在時刻,,,,,,,,,,1,6,,,
3456,3457,3458,3459,3460,3461,3462,3463,;シーケンサー情報1,,,1,1,,,
3464,3465,3466,3467,3468,3469,2677,2688,;シーケンサー情報2,,,1,1,,,
10840,10764,;全体速度/教示速度,,,,,,,,,1,2,,,
10760,10761,10762,10763,";警報画面1,2　警告画面　動作表示",,,,,,,1,4,,,
10948,10949,;ユーザーレベル/選択言語,,,,,,,,,1,2,,,
65534,;予備,,,,,,,,,,1,2,,,
65534,;予備,,,,,,,,,,1,2,,,
65534,;予備,,,,,,,,,,1,2,,,
51535,;取出回数,,,,,,,,,,1,4,,,
51534,;不良回数,,,,,,,,,,1,4,,,
51533,;取出時間,,,,,,,,,,1,4,,,
51532,;開放時間,,,,,,,,,,1,4,,,
51531,;成型時間,,,,,,,,,,1,4,,,
44607,;生産予定数,,,,,,,,,,1,4,,,
44606,;1回取出数,,,,,,,,,,1,2,,,
65452,;終了予想時間,,,,,,,,,,1,6,,,
44605,;終了予告前時間,,,,,,,,,,1,2,,,
2816,2822,2821,2833,2832,2819,2840,65532,;HL 原点センサー,,,1,1,,,
2818,65532,65532,65532,65532,2820,2841,65532,;OL オーバーランセンサー,,,1,1,,,
2640,2641,2642,2643,2644,2645,2646,65532,;MB メカブレーキ開放,,,1,1,,,
65532,65532,65532,65532,65532,65532,65532,65532,;予備,,,1,1,,,
51568,27840,65280,27808,27824,;1番目軸　現在位置、速度、エンコーダ、Z相位置、トルク,,,,,,1,14,,,
51569,27841,65281,27809,27825,;2番目軸　現在位置、速度、エンコーダ、Z相位置、トルク,,,,,,1,14,,,
51570,27842,65282,27810,27826,;3番目軸　現在位置、速度、エンコーダ、Z相位置、トルク,,,,,,1,14,,,
51571,27843,65283,27811,27827,;4番目軸　現在位置、速度、エンコーダ、Z相位置、トルク,,,,,,1,14,,,
51572,27844,65284,27812,27828,;5番目軸　現在位置、速度、エンコーダ、Z相位置、トルク,,,,,,1,14,,,
51573,27845,65285,27813,27829,;6番目軸　現在位置、速度、エンコーダ、Z相位置、トルク,,,,,,1,14,,,
51574,27846,65286,27814,27830,;7番目軸　現在位置、速度、エンコーダ、Z相位置、トルク,,,,,,1,14,,,
3584,3585,;タイマー状態表示　page1,,,,,,,,,,2,,,
3586,3587,;,,,,,,,,,,,,,
3588,3589,;,,,,,,,,,,,,,
3590,3591,;,,,,,,,,,,,,,
3592,3593,;,,,,,,,,,,,,,
3594,3595,;,,,,,,,,,,,,,
3596,3597,;,,,,,,,,,,,,,
3598,3599,;,,,,,,,,,,,,,
3600,3601,;,,,,,,,,,,2,,,
3602,3603,;,,,,,,,,,,,,,
3604,3605,;,,,,,,,,,,,,,
3606,3607,;タイマー状態表示　page2,,,,,,,,,,,,,
3608,3609,;,,,,,,,,,,,,,
3610,3611,;,,,,,,,,,,,,,
3612,3613,;,,,,,,,,,,,,,
3614,3615,;,,,,,,,,,,,,,
3616,3617,;,,,,,,,,,,2,,,
3618,3619,;,,,,,,,,,,,,,
3620,3621,;,,,,,,,,,,,,,
3622,3623,;,,,,,,,,,,,,,
3624,3625,;,,,,,,,,,,,,,
3626,3627,;,,,,,,,,,,,,,
3628,3629,;タイマー状態表示　page3,,,,,,,,,,,,,
3630,3631,;,,,,,,,,,,,,,
3632,3633,;,,,,,,,,,,2,,,
3634,3635,;,,,,,,,,,,,,,
3636,3637,;,,,,,,,,,,,,,
3638,3639,;,,,,,,,,,,,,,
3640,3641,;,,,,,,,,,,,,,
3642,3643,;,,,,,,,,,,,,,
3644,3645,;,,,,,,,,,,,,,
3646,3647,;,,,,,,,,,,,,,
3648,3649,;,,,,,,,,,,2,,,
3650,3651,;タイマー状態表示　page４,,,,,,,,,,,,,
3652,3653,;,,,,,,,,,,,,,
3654,3655,;,,,,,,,,,,,,,
3656,3657,;,,,,,,,,,,,,,
3658,3659,;,,,,,,,,,,,,,
3660,3661,;,,,,,,,,,,,,,
3662,3663,;,,,,,,,,,,,,,
3664,3665,;,,,,,,,,,,2,,,
3666,3667,;,,,,,,,,,,,,,
3668,3669,;,,,,,,,,,,,,,
3670,3671,;,,,,,,,,,,,,,
3672,3673,;タイマー状態表示　page５,,,,,,,,,,,,,
3674,3675,;,,,,,,,,,,,,,
3676,3677,;,,,,,,,,,,,,,
3678,3679,;,,,,,,,,,,,,,
3680,3681,;,,,,,,,,,,2,,,
3682,3683,;,,,,,,,,,,,,,
3684,3685,;,,,,,,,,,,,,,
3686,3687,;,,,,,,,,,,,,,
3688,3689,;,,,,,,,,,,,,,
3690,3691,;,,,,,,,,,,,,,
3692,3693,;,,,,,,,,,,,,,
3694,3695,;タイマー状態表示　page６,,,,,,,,,,,,,
3696,3697,;,,,,,,,,,,2,,,
3698,3699,;,,,,,,,,,,,,,
3700,3701,;,,,,,,,,,,,,,
3702,3703,;,,,,,,,,,,,,,
3704,3705,;,,,,,,,,,,,,,
3706,3707,;,,,,,,,,,,,,,
3708,3709,;,,,,,,,,,,,,,
3710,3711,;,,,,,,,,,,,,,
3712,3713,;,,,,,,,,,,2,,,
3714,3715,;,,,,,,,,,,,,,
3716,3717,;タイマー状態表示　page7,,,,,,,,,,,,,
3718,3719,;,,,,,,,,,,,,,
3720,3721,;,,,,,,,,,,,,,
3722,3723,;,,,,,,,,,,,,,
3724,3725,;,,,,,,,,,,,,,
3726,3727,;,,,,,,,,,,,,,
3728,3729,;,,,,,,,,,,2,,,
3730,3731,;,,,,,,,,,,,,,
3732,3733,;,,,,,,,,,,,,,
3734,3735,;,,,,,,,,,,,,,
3736,3737,;,,,,,,,,,,,,,
3738,3739,;タイマー状態表示　page8,,,,,,,,,,,,,
3740,3741,;,,,,,,,,,,,,,
3742,3743,;,,,,,,,,,,,,,
3744,3745,;,,,,,,,,,,2,,,
3746,3747,;,,,,,,,,,,,,,
3748,3749,;,,,,,,,,,,,,,
3750,3751,;,,,,,,,,,,,,,
3752,3753,;,,,,,,,,,,,,,
3754,3755,;,,,,,,,,,,,,,
3756,3757,;,,,,,,,,,,,,,
3758,3759,;,,,,,,,,,,,,,
3760,3761,;タイマー状態表示　page9,,,,,,,,,,2,,,
3762,3763,;,,,,,,,,,,,,,
3764,3765,;,,,,,,,,,,,,,
3766,3767,;,,,,,,,,,,,,,
3768,3769,;,,,,,,,,,,,,,
3770,3771,;,,,,,,,,,,,,,
3772,3773,;,,,,,,,,,,,,,
3774,3775,;,,,,,,,,,,,,,
3776,3777,;,,,,,,,,,,2,,,
3778,3779,;,,,,,,,,,,,,,
3780,3781,;,,,,,,,,,,,,,
3782,3783,;タイマー状態表示　page10,,,,,,,,,,,,,
3784,3785,;,,,,,,,,,,,,,
3786,3787,;,,,,,,,,,,,,,
3788,3789,;,,,,,,,,,,,,,
3790,3791,;,,,,,,,,,,,,,
3792,3793,;,,,,,,,,,,2,,,
3794,3795,;,,,,,,,,,,,,,
3796,3797,;,,,,,,,,,,,,,
3798,3799,;,,,,,,,,,,,,,
3800,3801,;,,,,,,,,,,,,,
3802,3803,;,,,,,,,,,,,,,
3804,3805,;タイマー状態表示　page11,,,,,,,,,,,,,
3806,3807,;,,,,,,,,,,,,,
3808,3809,;,,,,,,,,,,2,,,
3810,3811,;,,,,,,,,,,,,,
3812,3813,;,,,,,,,,,,,,,
3814,3815,;,,,,,,,,,,,,,
3816,3817,;,,,,,,,,,,,,,
3818,3819,;,,,,,,,,,,,,,
3820,3821,;,,,,,,,,,,,,,
3822,3823,;,,,,,,,,,,,,,
3824,3825,;,,,,,,,,,,2,,,
3826,3827,;タイマー状態表示　page12,,,,,,,,,,,,,
3828,3829,;,,,,,,,,,,,,,
3830,3831,;,,,,,,,,,,,,,
3832,3833,;,,,,,,,,,,,,,
3834,3835,;,,,,,,,,,,,,,
3836,3837,;,,,,,,,,,,,,,
3838,3839,;,,,,,,,,,,,,,
65532,65532,;,,,,,,,,,,2,,,
65532,65532,;,,,,,,,,,,,,,
65532,65532,;,,,,,,,,,,,,,
65532,65532,;,,,,,,,,,,,,,
;group,4,;自動運転プログラム表示,,,;read address003,,,,,,,252,,,
11325,;現在ファイル番号,,,,,,,,,,1,2,,,
65472,;現在ファイルコメント,,,,,,,,,,1,20,,,
65440,;現在時刻,,,,,,,,,,1,6,,,
3456,3457,3458,3459,3460,3461,3462,3463,;シーケンサー情報1,,,1,1,,,
3464,3465,3466,3467,3468,3469,2677,2688,;シーケンサー情報2,,,1,1,,,
10840,10764,;全体速度/教示速度,,,,,,,,,1,2,,,
10760,10761,10762,10763,";警報画面1,2　警告画面　動作表示",,,,,,,1,4,,,
10948,10949,;ユーザーレベル/選択言語,,,,,,,,,1,2,,,
65534,;予備,,,,,,,,,,1,2,,,
65534,;予備,,,,,,,,,,1,2,,,
65534,;予備,,,,,,,,,,1,2,,,
51535,;取出回数,,,,,,,,,,1,4,,,
51534,;不良回数,,,,,,,,,,1,4,,,
51533,;取出時間,,,,,,,,,,1,4,,,
51532,;開放時間,,,,,,,,,,1,4,,,
51531,;成型時間,,,,,,,,,,1,4,,,
44607,;生産予定数,,,,,,,,,,1,4,,,
44606,;1回取出数,,,,,,,,,,1,2,,,
65452,;終了予想時間,,,,,,,,,,1,6,,,
44605,;終了予告前時間,,,,,,,,,,1,2,,,
2816,2822,2821,2833,2832,2819,2840,65532,;HL 原点センサー,,,1,1,,,
2818,65532,65532,65532,65532,2820,2841,65532,;OL オーバーランセンサー,,,1,1,,,
2640,2641,2642,2643,2644,2645,2646,65532,;MB メカブレーキ開放,,,1,1,,,
65532,65532,65532,65532,65532,65532,65532,65532,;予備,,,1,1,,,
51568,27840,65280,27808,27824,;1番目軸　現在位置、速度、エンコーダ、Z相位置、トルク,,,,,,1,14,,,
51569,27841,65281,27809,27825,;2番目軸　現在位置、速度、エンコーダ、Z相位置、トルク,,,,,,1,14,,,
51570,27842,65282,27810,27826,;3番目軸　現在位置、速度、エンコーダ、Z相位置、トルク,,,,,,1,14,,,
51571,27843,65283,27811,27827,;4番目軸　現在位置、速度、エンコーダ、Z相位置、トルク,,,,,,1,14,,,
51572,27844,65284,27812,27828,;5番目軸　現在位置、速度、エンコーダ、Z相位置、トルク,,,,,,1,14,,,
51573,27845,65285,27813,27829,;6番目軸　現在位置、速度、エンコーダ、Z相位置、トルク,,,,,,1,14,,,
51574,27846,65286,27814,27830,;7番目軸　現在位置、速度、エンコーダ、Z相位置、トルク,,,,,,1,14,,,
65520,;実行グループ番号＋M/P＋実行プログラム番号　実行ステップ番号,,,,,,,,,,,72,,,
;group,5,;生産管理データ表示,,,;read address004,,,,,,,248,,,
11325,;現在ファイル番号,,,,,,,,,,1,2,,,
65472,;現在ファイルコメント,,,,,,,,,,1,20,,,
65440,;現在時刻,,,,,,,,,,1,6,,,
3456,3457,3458,3459,3460,3461,3462,3463,;シーケンサー情報1,,,1,1,,,
3464,3465,3466,3467,3468,3469,2677,2688,;シーケンサー情報2,,,1,1,,,
10840,10764,;全体速度/教示速度,,,,,,,,,1,2,,,
10760,10761,10762,10763,";警報画面1,2　警告画面　動作表示",,,,,,,1,4,,,
10948,10949,;ユーザーレベル/選択言語,,,,,,,,,1,2,,,
65534,;予備,,,,,,,,,,1,2,,,
65534,;予備,,,,,,,,,,1,2,,,
65534,;予備,,,,,,,,,,1,2,,,
51535,;取出回数,,,,,,,,,,1,4,,,
51534,;不良回数,,,,,,,,,,1,4,,,
51533,;取出時間,,,,,,,,,,1,4,,,
51532,;開放時間,,,,,,,,,,1,4,,,
51531,;成型時間,,,,,,,,,,1,4,,,
44607,;生産予定数,,,,,,,,,,1,4,,,
44606,;1回取出数,,,,,,,,,,1,2,,,
65452,;終了予想時間,,,,,,,,,,1,6,,,
44605,;終了予告前時間,,,,,,,,,,1,2,,,
65521,;生産状況履歴要求　データNo.(word）＋履歴データ（14件）,,,,,,,,,,,170,,,
;group,6,;メニュー表示,,,;read address005,,,,,,,184,,,
11325,;現在ファイル番号,,,,,,,,,,1,2,,,
65472,;現在ファイルコメント,,,,,,,,,,1,20,,,
65440,;現在時刻,,,,,,,,,,1,6,,,
3456,3457,3458,3459,3460,3461,3462,3463,;シーケンサー情報1,,,1,1,,,
3464,3465,3466,3467,3468,3469,2677,2688,;シーケンサー情報2,,,1,1,,,
10840,10764,;全体速度/教示速度,,,,,,,,,1,2,,,
10760,10761,10762,10763,";警報画面1,2　警告画面　動作表示",,,,,,,1,4,,,
10948,10949,;ユーザーレベル/選択言語,,,,,,,,,1,2,,,
65534,;予備,,,,,,,,,,1,2,,,
65534,;予備,,,,,,,,,,1,2,,,
65534,;予備,,,,,,,,,,1,2,,,
11008,11009,11010,11011,;,,;LEVEL1   (1byte×6列×4行+4)×5LEVEL＝140byte,,,,,,4,,,
11012,11013,11014,11015,11016,11017,;,,,,,,6,,,
11018,11019,11020,11021,11022,11023,;,,,,,,6,,,
11024,11025,11026,11027,11028,11029,;,,,,,,6,,,
11030,11031,11032,11033,11034,11035,;,,,,,,6,,,
11036,11037,11038,11039,;,,;LEVEL2,,,,,,4,,,
11040,11041,11042,11043,11044,11045,;,,,,,,6,,,
11046,11047,11048,11049,11050,11051,;,,,,,,6,,,
11052,11053,11054,11055,11056,11057,;,,,,,,6,,,
11058,11059,11060,11061,11062,11063,;,,,,,,6,,,
11064,11065,11066,11067,;,,;LEVEL3,,,,,,4,,,
11068,11069,11070,11071,11072,11073,;,,,,,,6,,,
11074,11075,11076,11077,11078,11079,;,,,,,,6,,,
11080,11081,11082,11083,11084,11085,;,,,,,,6,,,
11086,11087,11088,11089,11090,11091,;,,,,,,6,,,
11092,11093,11094,11095,;,,;LEVEL4,,,,,,4,,,
11096,11097,11098,11099,11100,11101,;,,,,,,6,,,
11102,11103,11104,11105,11106,11107,;,,,,,,6,,,
11108,11109,11110,11111,11112,11113,;,,,,,,6,,,
11114,11115,11116,11117,11118,11119,;,,,,,,6,,,
11120,11121,11122,11123,;,,;LEVEL5,,,,,,4,,,
11124,11125,11126,11127,11128,11129,;,,,,,,6,,,
11130,11131,11132,11133,11134,11135,;,,,,,,6,,,
11136,11137,11138,11139,11140,11141,;,,,,,,6,,,
11142,11143,11144,11145,11146,11147,;,,,,,,6,,,
;group,7,;機能選択設定表示,,,;read address006,,,,,,,106,,,
11325,;現在ファイル番号,,,,,,,,,,1,2,,,
65472,;現在ファイルコメント,,,,,,,,,,1,20,,,
65440,;現在時刻,,,,,,,,,,1,6,,,
3456,3457,3458,3459,3460,3461,3462,3463,;シーケンサー情報1,,,1,1,,,
3464,3465,3466,3467,3468,3469,2677,2688,;シーケンサー情報2,,,1,1,,,
10840,10764,;全体速度/教示速度,,,,,,,,,1,2,,,
10760,10761,10762,10763,";警報画面1,2　警告画面　動作表示",,,,,,,1,4,,,
10948,10949,;ユーザーレベル/選択言語,,,,,,,,,1,2,,,
65534,;予備,,,,,,,,,,1,2,,,
65534,;予備,,,,,,,,,,1,2,,,
65534,;予備,,,,,,,,,,1,2,,,
3520,3521,3522,3523,3524,3525,3526,3527,;ブラインド表示データ,,,,2,,,
3528,3529,3530,3531,3532,3533,3534,3535,;,,,,,,,
3536,3537,3538,3539,3540,3541,3542,3543,;,,,,2,,,
3544,3545,3546,3547,3548,3549,3550,3551,;,,,,,,,
3552,3553,3554,3555,3556,3557,3558,3559,;,,,,2,,,
3560,3561,3562,3563,3564,3565,3566,3567,;,,,,,,,
3568,3569,3570,3571,3572,3573,3574,3575,;,,,,2,,,
3576,3577,3578,3579,3580,3581,3582,3583,;,,,,,,,
3520,3528,3536,;TAG1　機能選択一覧表示1,,,,,,,,,3,,,
3521,3529,3537,;,,,,,,,,,,,,
3522,3530,3538,;,,,,,,,,,,,,
3523,3531,65532,;,,,,,,,,,,,,
3524,3532,65532,;,,,,,,,,,,,,
3525,3533,65532,;,,,,,,,,,,,,
65532,3534,65532,;,,,,,,,,,,,,
65532,65532,65532,;,,,,,,,,,,,,
3544,3552,3560,;TAG2　機能選択一覧表示2,,,,,,,,,3,,,
3545,3553,3561,;,,,,,,,,,,,,
3546,3554,3562,;,,,,,,,,,,,,
3547,3555,3563,;,,,,,,,,,,,,
3548,3556,3564,;,,,,,,,,,,,,
65532,3557,3565,;,,,,,,,,,,,,
65532,3558,3566,;,,,,,,,,,,,,
65532,3559,3567,;,,,,,,,,,,,,
3520,1,1,;TAG3　機能選択詳細表示1,,,,,,,,,3,,,
65532,2,65532,;page1,,,,,,,,,,,,
65532,65532,65532,;,,,,,,,,,,,,
65532,65532,65532,;,,,,,,,,,,,,
3536,3,2,;,,,,,,,,,,,,
65532,4,65532,;,,,,,,,,,,,,
65532,65532,65532,;,,,,,,,,,,,,
65532,65532,65532,;,,,,,,,,,,,,
3521,5,3,;TAG3,,,,,,,,,3,,,
65532,6,65532,;page2,,,,,,,,,,,,
65532,65532,65532,;,,,,,,,,,,,,
65532,65532,65532,;,,,,,,,,,,,,
65532,65532,65532,;,,,,,,,,,,,,
65532,65532,65532,;,,,,,,,,,,,,
65532,65532,65532,;,,,,,,,,,,,,
65532,65532,65532,;,,,,,,,,,,,,
3522,7,4,;TAG3,,,,,,,,,3,,,
65532,8,65532,;page3,,,,,,,,,,,,
65532,65532,65532,;,,,,,,,,,,,,
65532,65532,65532,;,,,,,,,,,,,,
65532,65532,65532,;,,,,,,,,,,,,
65532,65532,65532,;,,,,,,,,,,,,
65532,65532,65532,;,,,,,,,,,,,,
65532,65532,65532,;,,,,,,,,,,,,
3523,9,5,;TAG3,,,,,,,,,3,,,
65532,10,65532,;page4,,,,,,,,,,,,
65532,65532,65532,;,,,,,,,,,,,,
65532,65532,65532,;,,,,,,,,,,,,
65532,65532,65532,;,,,,,,,,,,,,
65532,65532,65532,;,,,,,,,,,,,,
65532,65532,65532,;,,,,,,,,,,,,
65532,65532,65532,;,,,,,,,,,,,,
3524,11,6,;TAG3,,,,,,,,,3,,,
65532,12,65532,;page5,,,,,,,,,,,,
65532,65532,65532,;,,,,,,,,,,,,
65532,65532,65532,;,,,,,,,,,,,,
65532,65532,65532,;,,,,,,,,,,,,
65532,65532,65532,;,,,,,,,,,,,,
65532,65532,65532,;,,,,,,,,,,,,
65532,65532,65532,;,,,,,,,,,,,,
3525,13,7,;TAG3,,,,,,,,,3,,,
65532,14,65532,;page6,,,,,,,,,,,,
65532,65532,65532,;,,,,,,,,,,,,
65532,65532,65532,;,,,,,,,,,,,,
65532,65532,65532,;,,,,,,,,,,,,
65532,65532,65532,;,,,,,,,,,,,,
65532,65532,65532,;,,,,,,,,,,,,
65532,65532,65532,;,,,,,,,,,,,,
3528,15,8,;TAG3,,,,,,,,,3,,,
65532,16,65532,;page7,,,,,,,,,,,,
65532,65532,65532,;,,,,,,,,,,,,
65532,65532,65532,;,,,,,,,,,,,,
65532,65532,65532,;,,,,,,,,,,,,
65532,65532,65532,;,,,,,,,,,,,,
65532,65532,65532,;,,,,,,,,,,,,
65532,65532,65532,;,,,,,,,,,,,,
3529,17,9,;TAG3,,,,,,,,,3,,,
65532,18,65532,;page8,,,,,,,,,,,,
65532,65532,65532,;,,,,,,,,,,,,
65532,65532,65532,;,,,,,,,,,,,,
65532,65532,65532,;,,,,,,,,,,,,
65532,65532,65532,;,,,,,,,,,,,,
65532,65532,65532,;,,,,,,,,,,,,
65532,65532,65532,;,,,,,,,,,,,,
3530,19,10,;TAG4　機能選択詳細表示2,,,,,,,,,3,,,
65532,20,65532,;page1,,,,,,,,,,,,
65532,65532,65532,;,,,,,,,,,,,,
65532,65532,65532,;,,,,,,,,,,,,
3531,21,11,;,,,,,,,,,,,,
65532,22,65532,;,,,,,,,,,,,,
65532,65532,65532,;,,,,,,,,,,,,
65532,65532,65532,;,,,,,,,,,,,,
3532,23,12,;TAG4,,,,,,,,,3,,,
65532,24,65532,;page2,,,,,,,,,,,,
65532,65532,65532,;,,,,,,,,,,,,
65532,65532,65532,;,,,,,,,,,,,,
3533,25,13,;,,,,,,,,,,,,
65532,26,65532,;,,,,,,,,,,,,
65532,65532,65532,;,,,,,,,,,,,,
65532,65532,65532,;,,,,,,,,,,,,
3534,27,14,;TAG4,,,,,,,,,3,,,
65532,28,65532,;page3,,,,,,,,,,,,
65532,65532,65532,;,,,,,,,,,,,,
65532,65532,65532,;,,,,,,,,,,,,
3537,29,15,;,,,,,,,,,,,,
65532,30,65532,;,,,,,,,,,,,,
65532,65532,65532,;,,,,,,,,,,,,
65532,65532,65532,;,,,,,,,,,,,,
3538,31,16,;TAG5　機能選択詳細表示3,,,,,,,,,3,,,
65532,32,65532,;page1,,,,,,,,,,,,
65532,65532,65532,;,,,,,,,,,,,,
65532,65532,65532,;,,,,,,,,,,,,
65532,65532,65532,;,,,,,,,,,,,,
65532,65532,65532,;,,,,,,,,,,,,
65532,65532,65532,;,,,,,,,,,,,,
65532,65532,65532,;,,,,,,,,,,,,
3544,33,17,;TAG5,,,,,,,,,3,,,
65532,34,65532,;page2,,,,,,,,,,,,
65532,65532,65532,;,,,,,,,,,,,,
65532,65532,65532,;,,,,,,,,,,,,
65532,65532,65532,;,,,,,,,,,,,,
65532,65532,65532,;,,,,,,,,,,,,
65532,65532,65532,;,,,,,,,,,,,,
65532,65532,65532,;,,,,,,,,,,,,
3545,35,18,;TAG5,,,,,,,,,3,,,
65532,36,65532,;page3,,,,,,,,,,,,
65532,65532,65532,;,,,,,,,,,,,,
65532,65532,65532,;,,,,,,,,,,,,
65532,65532,65532,;,,,,,,,,,,,,
65532,65532,65532,;,,,,,,,,,,,,
65532,65532,65532,;,,,,,,,,,,,,
65532,65532,65532,;,,,,,,,,,,,,
3546,37,19,;TAG6　機能選択詳細表示4,,,,,,,,,3,,,
3547,38,65532,;page1,,,,,,,,,,,,
3548,65532,65532,;,,,,,,,,,,,,
65532,65532,65532,;,,,,,,,,,,,,
65532,65532,65532,;,,,,,,,,,,,,
65532,65532,65532,;,,,,,,,,,,,,
65532,65532,65532,;,,,,,,,,,,,,
65532,65532,65532,;,,,,,,,,,,,,
3552,39,20,;TAG7　機能選択詳細表示5,,,,,,,,,3,,,
3553,40,65532,;page1,,,,,,,,,,,,
3554,41,21,;,,,,,,,,,,,,
3555,42,65532,;,,,,,,,,,,,,
3556,43,23,;,,,,,,,,,,,,
3557,44,65532,;,,,,,,,,,,,,
3558,45,24,;,,,,,,,,,,,,
3559,46,65532,;,,,,,,,,,,,,
;group,8,;タイマー設定表示,,,;read address007,,,,,,,262,,,
11325,;現在ファイル番号,,,,,,,,,,1,2,,,
65472,;現在ファイルコメント,,,,,,,,,,1,20,,,
65440,;現在時刻,,,,,,,,,,1,6,,,
3456,3457,3458,3459,3460,3461,3462,3463,;シーケンサー情報1,,,1,1,,,
3464,3465,3466,3467,3468,3469,2677,2688,;シーケンサー情報2,,,1,1,,,
10840,10764,;全体速度/教示速度,,,,,,,,,1,2,,,
10760,10761,10762,10763,";警報画面1,2　警告画面　動作表示",,,,,,,1,4,,,
10948,10949,;ユーザーレベル/選択言語,,,,,,,,,1,2,,,
65534,;予備,,,,,,,,,,1,2,,,
65534,;予備,,,,,,,,,,1,2,,,
65534,;予備,,,,,,,,,,1,2,,,
44208,44216,;TAG1　標準タイマー　一覧表示,,,,,,,,,,8,,,
44209,44216,;,,,,,,,,,,8,,,
44210,44217,;,,,,,,,,,,8,,,
44211,65535,;,,,,,,,,,,8,,,
65535,44219,;,,,,,,,,,,8,,,
44213,44220,;,,,,,,,,,,8,,,
44214,44221,;,,,,,,,,,,8,,,
44215,44222,;,,,,,,,,,,8,,,
44308,44316,;TAG2 アラームタイマー　一覧表示,,,,,,,,,,8,,,
44309,44317,;,,,,,,,,,,8,,,
65535,44318,;,,,,,,,,,,8,,,
44311,44319,;,,,,,,,,,,8,,,
44312,44320,;,,,,,,,,,,8,,,
44313,65535,;,,,,,,,,,,8,,,
44314,44322,;,,,,,,,,,,8,,,
44315,44323,;,,,,,,,,,,8,,,
44223,65025,65535,;TAG3 詳細表示1,,,,,,,,,16,,,
44224,65026,65535,;,,,,,,,,,2,,,
44225,65535,65535,;,,,,,,,,,,,,
44226,65535,65024,;,,,,,,,,,,,,
44227,65027,65535,;TAG4 詳細表示2,,,,,,,,,16,,,
44228,65028,65535,;,,,,,,,,,2,,,
44229,65535,65535,;,,,,,,,,,,,,
44230,65535,65024,;,,,,,,,,,,,,
44231,65029,65535,;TAG5 詳細表示3,,,,,,,,,16,,,
44232,65030,65535,;,,,,,,,,,2,,,
44233,65535,65535,;,,,,,,,,,,,,
44234,65535,65024,;,,,,,,,,,,,,
44235,65031,65535,;TAG6 詳細表示4,,,,,,,,,16,,,
44236,65032,65535,;,,,,,,,,,2,,,
44237,65535,65535,;,,,,,,,,,,,,
44238,65535,65024,;,,,,,,,,,,,,
44239,65033,65535,;TAG7 詳細表示5,,,,,,,,,16,,,
44240,65034,65535,;,,,,,,,,,2,,,
44241,65535,65535,;,,,,,,,,,,,,
44242,65535,65024,;,,,,,,,,,,,,
;group,9,;counter表示/設定,,,;read address008,,,,,,,172,,,
11325,;現在ファイル番号,,,,,,,,,,1,2,,,
65472,;現在ファイルコメント,,,,,,,,,,1,20,,,
65440,;現在時刻,,,,,,,,,,1,6,,,
3456,3457,3458,3459,3460,3461,3462,3463,;シーケンサー情報1,,,1,1,,,
3464,3465,3466,3467,3468,3469,2677,2688,;シーケンサー情報2,,,1,1,,,
10840,10764,;全体速度/教示速度,,,,,,,,,1,2,,,
10760,10761,10762,10763,";警報画面1,2　警告画面　動作表示",,,,,,,1,4,,,
10948,10949,;ユーザーレベル/選択言語,,,,,,,,,1,2,,,
65534,;予備,,,,,,,,,,1,2,,,
65534,;予備,,,,,,,,,,1,2,,,
65534,;予備,,,,,,,,,,1,2,,,
44352,51280,;カウンター設定値1　カウント値1,,,,,,,,,,8,,,
44353,51281,;カウンター設定値2　カウント値2,,,,,,,,,,8,,,
44354,51282,;カウンター設定値3　カウント値3,,,,,,,,,,8,,,
44355,51283,;カウンター設定値4　カウント値4,,,,,,,,,,8,,,
44356,51284,;カウンター設定値5　カウント値5,,,,,,,,,,8,,,
44357,51285,;カウンター設定値6　カウント値6,,,,,,,,,,8,,,
44358,51286,;カウンター設定値7　カウント値7,,,,,,,,,,8,,,
44359,51287,;カウンター設定値8　カウント値8,,,,,,,,,,8,,,
44360,51288,;カウンター設定値9　カウント値9,,,,,,,,,,8,,,
44361,51289,;カウンター設定値10　カウント値10,,,,,,,,,,8,,,
44362,51290,;カウンター設定値11　カウント値11,,,,,,,,,,8,,,
44363,51291,;カウンター設定値12　カウント値12,,,,,,,,,,8,,,
44364,51292,;カウンター設定値13　カウント値13,,,,,,,,,,8,,,
44365,51293,;カウンター設定値14　カウント値14,,,,,,,,,,8,,,
44366,51294,;カウンター設定値15　カウント値15,,,,,,,,,,8,,,
44367,51295,;カウンター設定値16　カウント値16,,,,,,,,,,8,,,
;group,10,;軸教示（Page1 位置 M側）,,,;read address009,,,,,,,224,,,
11325,;現在ファイル番号,,,,,,,,,,1,2,,,
65472,;現在ファイルコメント,,,,,,,,,,1,20,,,
65440,;現在時刻,,,,,,,,,,1,6,,,
3456,3457,3458,3459,3460,3461,3462,3463,;シーケンサー情報1,,,1,1,,,
3464,3465,3466,3467,3468,3469,2677,2688,;シーケンサー情報2,,,1,1,,,
10840,10764,;全体速度/教示速度,,,,,,,,,1,2,,,
10760,10761,10762,10763,";警報画面1,2　警告画面　動作表示",,,,,,,1,4,,,
10948,10949,;ユーザーレベル/選択言語,,,,,,,,,1,2,,,
65534,;予備,,,,,,,,,,1,2,,,
65534,;予備,,,,,,,,,,1,2,,,
65534,;予備,,,,,,,,,,1,2,,,
51568,51569,51570,51573,51574,;軸教示画面 Page1 　現在位置,,,,,,,20,,,
65535,65535,65535,65535,65535,;軸教示画面 Page1 　1行目　位置表示･設定　M側,,,,,,,20,,,
27728,27729,27730,27733,27734,;軸教示画面 Page1 　2行目　位置表示･設定　M側,,,,,,,20,,,
27744,27745,27746,27749,27750,;軸教示画面 Page1 　3行目　位置表示･設定　M側,,,,,,,20,,,
27760,27761,27762,27765,27766,;軸教示画面 Page1 　4行目　位置表示･設定　M側,,,,,,,20,,,
27776,27777,27778,27781,27782,;軸教示画面 Page1 　5行目　位置表示･設定　M側,,,,,,,20,,,
27792,27793,27794,27797,27798,;軸教示画面 Page1 　6行目　位置表示･設定　M側,,,,,,,20,,,
27808,27809,27810,27813,27814,;軸教示画面 Page1 　7行目　位置表示･設定　M側,,,,,,,20,,,
27824,27825,27826,27829,27830,;軸教示画面 Page1 　8行目　位置表示･設定　M側,,,,,,,20,,,
;group,11,;軸教示（Page1 速度 M側）,,,;read address00A,,,,,,,134,,,
11325,;現在ファイル番号,,,,,,,,,,1,2,,,
65472,;現在ファイルコメント,,,,,,,,,,1,20,,,
65440,;現在時刻,,,,,,,,,,1,6,,,
3456,3457,3458,3459,3460,3461,3462,3463,;シーケンサー情報1,,,1,1,,,
3464,3465,3466,3467,3468,3469,2677,2688,;シーケンサー情報2,,,1,1,,,
10840,10764,;全体速度/教示速度,,,,,,,,,1,2,,,
10760,10761,10762,10763,";警報画面1,2　警告画面　動作表示",,,,,,,1,4,,,
10948,10949,;ユーザーレベル/選択言語,,,,,,,,,1,2,,,
65534,;予備,,,,,,,,,,1,2,,,
65534,;予備,,,,,,,,,,1,2,,,
65534,;予備,,,,,,,,,,1,2,,,
27584,27585,27586,27589,27590,;軸教示画面 Page1 　現在速度,,,,,,,10,,,
27488,27489,27490,27493,27494,;軸教示画面 Page1 　1行目　速度表示･設定　M側,,,,,,,10,,,
11152,11153,11154,11157,11158,;軸教示画面 Page1 　2行目　速度表示･設定　M側,,,,,,,10,,,
11168,11169,11170,11173,11174,;軸教示画面 Page1 　3行目　速度表示･設定　M側,,,,,,,10,,,
11184,11185,11186,11189,11190,;軸教示画面 Page1 　4行目　速度表示･設定　M側,,,,,,,10,,,
11200,11201,11202,11205,11206,;軸教示画面 Page1 　5行目　速度表示･設定　M側,,,,,,,10,,,
11216,11217,11218,11221,11222,;軸教示画面 Page1 　6行目　速度表示･設定　M側,,,,,,,10,,,
11232,11233,11234,11237,11238,;軸教示画面 Page1 　7行目　速度表示･設定　M側,,,,,,,10,,,
11248,11249,11250,11253,11254,;軸教示画面 Page1 　8行目　速度表示･設定　M側,,,,,,,10,,,
;group,12,;軸教示（Page2 位置 M側）,,,;read address00B,,,,,,,224,,,
11325,;現在ファイル番号,,,,,,,,,,1,2,,,
65472,;現在ファイルコメント,,,,,,,,,,1,20,,,
65440,;現在時刻,,,,,,,,,,1,6,,,
3456,3457,3458,3459,3460,3461,3462,3463,;シーケンサー情報1,,,1,1,,,
3464,3465,3466,3467,3468,3469,2677,2688,;シーケンサー情報2,,,1,1,,,
10840,10764,;全体速度/教示速度,,,,,,,,,1,2,,,
10760,10761,10762,10763,";警報画面1,2　警告画面　動作表示",,,,,,,1,4,,,
10948,10949,;ユーザーレベル/選択言語,,,,,,,,,1,2,,,
65534,;予備,,,,,,,,,,1,2,,,
65534,;予備,,,,,,,,,,1,2,,,
65534,;予備,,,,,,,,,,1,2,,,
51568,51569,51570,51573,51574,;軸教示画面 Page2 　現在位置,,,,,,,20,,,
65535,65535,65535,65535,65535,;軸教示画面 Page2 　1行目　位置表示･設定　M側,,,,,,,20,,,
27840,27841,27842,27845,27846,;軸教示画面 Page2 　2行目　位置表示･設定　M側,,,,,,,20,,,
27856,27857,27858,27861,27862,;軸教示画面 Page2 　3行目　位置表示･設定　M側,,,,,,,20,,,
27872,27873,27874,27877,27878,;軸教示画面 Page2 　4行目　位置表示･設定　M側,,,,,,,20,,,
27888,27889,27890,27893,27894,;軸教示画面 Page2 　5行目　位置表示･設定　M側,,,,,,,20,,,
27904,27905,27906,27909,27910,;軸教示画面 Page2 　6行目　位置表示･設定　M側,,,,,,,20,,,
27920,27921,27922,27925,27926,;軸教示画面 Page2 　7行目　位置表示･設定　M側,,,,,,,20,,,
27936,27937,27938,27941,27942,;軸教示画面 Page2 　8行目　位置表示･設定　M側,,,,,,,20,,,
;group,13,;軸教示（Page2 速度 M側）,,,;read address00C,,,,,,,134,,,
11325,;現在ファイル番号,,,,,,,,,,1,2,,,
65472,;現在ファイルコメント,,,,,,,,,,1,20,,,
65440,;現在時刻,,,,,,,,,,1,6,,,
3456,3457,3458,3459,3460,3461,3462,3463,;シーケンサー情報1,,,1,1,,,
3464,3465,3466,3467,3468,3469,2677,2688,;シーケンサー情報2,,,1,1,,,
10840,10764,;全体速度/教示速度,,,,,,,,,1,2,,,
10760,10761,10762,10763,";警報画面1,2　警告画面　動作表示",,,,,,,1,4,,,
10948,10949,;ユーザーレベル/選択言語,,,,,,,,,1,2,,,
65534,;予備,,,,,,,,,,1,2,,,
65534,;予備,,,,,,,,,,1,2,,,
65534,;予備,,,,,,,,,,1,2,,,
27584,27585,27586,27589,27590,;軸教示画面 Page2　現在速度,,,,,,,10,,,
11264,11265,11266,11269,11270,;軸教示画面 Page2　1行目　速度表示･設定　M側,,,,,,,10,,,
11152,11153,11154,11157,11158,;軸教示画面 Page2　2行目　速度表示･設定　M側,,,,,,,10,,,
11168,11169,11170,11173,11174,;軸教示画面 Page2　3行目　速度表示･設定　M側,,,,,,,10,,,
11184,11185,11186,11189,11190,;軸教示画面 Page2　4行目　速度表示･設定　M側,,,,,,,10,,,
11200,11201,11202,11205,11206,;軸教示画面 Page2　5行目　速度表示･設定　M側,,,,,,,10,,,
11216,11217,11218,11221,11222,;軸教示画面 Page2　6行目　速度表示･設定　M側,,,,,,,10,,,
11232,11233,11234,11237,11238,;軸教示画面 Page2　7行目　速度表示･設定　M側,,,,,,,10,,,
11248,11249,11250,11253,11254,;軸教示画面 Page2　8行目　速度表示･設定　M側,,,,,,,10,,,
;group,14,;軸教示（Page3 位置 M側）,,,;read address00D,,,,,,,224,,,
11325,;現在ファイル番号,,,,,,,,,,1,2,,,
65472,;現在ファイルコメント,,,,,,,,,,1,20,,,
65440,;現在時刻,,,,,,,,,,1,6,,,
3456,3457,3458,3459,3460,3461,3462,3463,;シーケンサー情報1,,,1,1,,,
3464,3465,3466,3467,3468,3469,2677,2688,;シーケンサー情報2,,,1,1,,,
10840,10764,;全体速度/教示速度,,,,,,,,,1,2,,,
10760,10761,10762,10763,";警報画面1,2　警告画面　動作表示",,,,,,,1,4,,,
10948,10949,;ユーザーレベル/選択言語,,,,,,,,,1,2,,,
65534,;予備,,,,,,,,,,1,2,,,
65534,;予備,,,,,,,,,,1,2,,,
65534,;予備,,,,,,,,,,1,2,,,
51568,51569,51570,51573,51574,;軸教示画面 Page3 　現在位置,,,,,,,20,,,
65535,65535,65535,65535,65535,;軸教示画面 Page3 　1行目　位置表示･設定　M側,,,,,,,20,,,
27952,27953,27954,27957,27958,;軸教示画面 Page3 　2行目　位置表示･設定　M側,,,,,,,20,,,
27968,27969,27970,27973,27974,;軸教示画面 Page3 　3行目　位置表示･設定　M側,,,,,,,20,,,
27984,27985,27986,27989,27990,;軸教示画面 Page3 　4行目　位置表示･設定　M側,,,,,,,20,,,
28000,28001,28002,28005,28006,;軸教示画面 Page3 　5行目　位置表示･設定　M側,,,,,,,20,,,
28016,28017,28018,28021,28022,;軸教示画面 Page3 　6行目　位置表示･設定　M側,,,,,,,20,,,
28032,28033,28034,28037,28038,;軸教示画面 Page3 　7行目　位置表示･設定　M側,,,,,,,20,,,
28048,28049,28050,28053,28054,;軸教示画面 Page3 　8行目　位置表示･設定　M側,,,,,,,20,,,
;group,15,;軸教示（Page3 速度 M側）,,,;read address00E,,,,,,,134,,,
11325,;現在ファイル番号,,,,,,,,,,1,2,,,
65472,;現在ファイルコメント,,,,,,,,,,1,20,,,
65440,;現在時刻,,,,,,,,,,1,6,,,
3456,3457,3458,3459,3460,3461,3462,3463,;シーケンサー情報1,,,1,1,,,
3464,3465,3466,3467,3468,3469,2677,2688,;シーケンサー情報2,,,1,1,,,
10840,10764,;全体速度/教示速度,,,,,,,,,1,2,,,
10760,10761,10762,10763,";警報画面1,2　警告画面　動作表示",,,,,,,1,4,,,
10948,10949,;ユーザーレベル/選択言語,,,,,,,,,1,2,,,
65534,;予備,,,,,,,,,,1,2,,,
65534,;予備,,,,,,,,,,1,2,,,
65534,;予備,,,,,,,,,,1,2,,,
27584,27585,27586,27589,27590,;軸教示画面 Page3　現在速度,,,,,,,10,,,
11264,11265,11266,11269,11270,;軸教示画面 Page3　1行目　速度表示･設定　M側,,,,,,,10,,,
11152,11153,11154,11157,11158,;軸教示画面 Page3　2行目　速度表示･設定　M側,,,,,,,10,,,
11168,11169,11170,11173,11174,;軸教示画面 Page3　3行目　速度表示･設定　M側,,,,,,,10,,,
11184,11185,11186,11189,11190,;軸教示画面 Page3　4行目　速度表示･設定　M側,,,,,,,10,,,
11200,11201,11202,11205,11206,;軸教示画面 Page3　5行目　速度表示･設定　M側,,,,,,,10,,,
11216,11217,11218,11221,11222,;軸教示画面 Page3　6行目　速度表示･設定　M側,,,,,,,10,,,
11232,11233,11234,11237,11238,;軸教示画面 Page3　7行目　速度表示･設定　M側,,,,,,,10,,,
11248,11249,11250,11253,11254,;軸教示画面 Page3　8行目　速度表示･設定　M側,,,,,,,10,,,
;group,16,;軸教示（Page4 位置 M側）,,,;read address00F,,,,,,,224,,,
11325,;現在ファイル番号,,,,,,,,,,1,2,,,
65472,;現在ファイルコメント,,,,,,,,,,1,20,,,
65440,;現在時刻,,,,,,,,,,1,6,,,
3456,3457,3458,3459,3460,3461,3462,3463,;シーケンサー情報1,,,1,1,,,
3464,3465,3466,3467,3468,3469,2677,2688,;シーケンサー情報2,,,1,1,,,
10840,10764,;全体速度/教示速度,,,,,,,,,1,2,,,
10760,10761,10762,10763,";警報画面1,2　警告画面　動作表示",,,,,,,1,4,,,
10948,10949,;ユーザーレベル/選択言語,,,,,,,,,1,2,,,
65534,;予備,,,,,,,,,,1,2,,,
65534,;予備,,,,,,,,,,1,2,,,
65534,;予備,,,,,,,,,,1,2,,,
51568,51569,51570,51573,51574,;軸教示画面 Page4 　現在位置,,,,,,,20,,,
65535,65535,65535,65535,65535,;軸教示画面 Page4 　1行目　位置表示･設定　M側,,,,,,,20,,,
28064,28065,28066,28069,28070,;軸教示画面 Page4 　2行目　位置表示･設定　M側,,,,,,,20,,,
28080,28081,28082,28085,28086,;軸教示画面 Page4 　3行目　位置表示･設定　M側,,,,,,,20,,,
28096,28097,28098,28101,28102,;軸教示画面 Page4 　4行目　位置表示･設定　M側,,,,,,,20,,,
28112,28113,28114,28117,28118,;軸教示画面 Page4 　5行目　位置表示･設定　M側,,,,,,,20,,,
28128,28129,28130,28133,28134,;軸教示画面 Page4 　6行目　位置表示･設定　M側,,,,,,,20,,,
28144,28145,28146,28149,28150,;軸教示画面 Page4 　7行目　位置表示･設定　M側,,,,,,,20,,,
28160,28161,28162,28165,28166,;軸教示画面 Page4 　8行目　位置表示･設定　M側,,,,,,,20,,,
;group,17,;軸教示（Page4 速度 M側）,,,;read address010,,,,,,,134,,,
11325,;現在ファイル番号,,,,,,,,,,1,2,,,
65472,;現在ファイルコメント,,,,,,,,,,1,20,,,
65440,;現在時刻,,,,,,,,,,1,6,,,
3456,3457,3458,3459,3460,3461,3462,3463,;シーケンサー情報1,,,1,1,,,
3464,3465,3466,3467,3468,3469,2677,2688,;シーケンサー情報2,,,1,1,,,
10840,10764,;全体速度/教示速度,,,,,,,,,1,2,,,
10760,10761,10762,10763,";警報画面1,2　警告画面　動作表示",,,,,,,1,4,,,
10948,10949,;ユーザーレベル/選択言語,,,,,,,,,1,2,,,
65534,;予備,,,,,,,,,,1,2,,,
65534,;予備,,,,,,,,,,1,2,,,
65534,;予備,,,,,,,,,,1,2,,,
27584,27585,27586,27589,27590,;軸教示画面 Page4　現在速度,,,,,,,10,,,
11264,11265,11266,11269,11270,;軸教示画面 Page4　1行目　速度表示･設定　M側,,,,,,,10,,,
11152,11153,11154,11157,11158,;軸教示画面 Page4　2行目　速度表示･設定　M側,,,,,,,10,,,
11168,11169,11170,11173,11174,;軸教示画面 Page4　3行目　速度表示･設定　M側,,,,,,,10,,,
11184,11185,11186,11189,11190,;軸教示画面 Page4　4行目　速度表示･設定　M側,,,,,,,10,,,
11200,11201,11202,11205,11206,;軸教示画面 Page4　5行目　速度表示･設定　M側,,,,,,,10,,,
11216,11217,11218,11221,11222,;軸教示画面 Page4　6行目　速度表示･設定　M側,,,,,,,10,,,
11232,11233,11234,11237,11238,;軸教示画面 Page4　7行目　速度表示･設定　M側,,,,,,,10,,,
11248,11249,11250,11253,11254,;軸教示画面 Page4　8行目　速度表示･設定　M側,,,,,,,10,,,
;group,18,;軸教示（Page5 位置 M側）,,,;read address011,,,,,,,224,,,
11325,;現在ファイル番号,,,,,,,,,,1,2,,,
65472,;現在ファイルコメント,,,,,,,,,,1,20,,,
65440,;現在時刻,,,,,,,,,,1,6,,,
3456,3457,3458,3459,3460,3461,3462,3463,;シーケンサー情報1,,,1,1,,,
3464,3465,3466,3467,3468,3469,2677,2688,;シーケンサー情報2,,,1,1,,,
10840,10764,;全体速度/教示速度,,,,,,,,,1,2,,,
10760,10761,10762,10763,";警報画面1,2　警告画面　動作表示",,,,,,,1,4,,,
10948,10949,;ユーザーレベル/選択言語,,,,,,,,,1,2,,,
65534,;予備,,,,,,,,,,1,2,,,
65534,;予備,,,,,,,,,,1,2,,,
65534,;予備,,,,,,,,,,1,2,,,
51568,51569,51570,51573,51574,;軸教示画面 Page5 　現在位置,,,,,,,20,,,
65535,65535,65535,65535,65535,;軸教示画面 Page5 　1行目　位置表示･設定　M側,,,,,,,20,,,
28176,28177,28178,28181,28182,;軸教示画面 Page5 　2行目　位置表示･設定　M側,,,,,,,20,,,
28192,28193,28194,28197,28198,;軸教示画面 Page5 　3行目　位置表示･設定　M側,,,,,,,20,,,
28208,28209,28210,28213,28214,;軸教示画面 Page5 　4行目　位置表示･設定　M側,,,,,,,20,,,
28224,28225,28226,28229,28230,;軸教示画面 Page5 　5行目　位置表示･設定　M側,,,,,,,20,,,
28240,28241,28242,28245,28246,;軸教示画面 Page5 　6行目　位置表示･設定　M側,,,,,,,20,,,
28256,28257,28258,28261,28262,;軸教示画面 Page5 　7行目　位置表示･設定　M側,,,,,,,20,,,
28272,28273,28274,28277,28278,;軸教示画面 Page5 　8行目　位置表示･設定　M側,,,,,,,20,,,
;group,19,;軸教示（Page5 速度 M側）,,,;read address012,,,,,,,134,,,
11325,;現在ファイル番号,,,,,,,,,,1,2,,,
65472,;現在ファイルコメント,,,,,,,,,,1,20,,,
65440,;現在時刻,,,,,,,,,,1,6,,,
3456,3457,3458,3459,3460,3461,3462,3463,;シーケンサー情報1,,,1,1,,,
3464,3465,3466,3467,3468,3469,2677,2688,;シーケンサー情報2,,,1,1,,,
10840,10764,;全体速度/教示速度,,,,,,,,,1,2,,,
10760,10761,10762,10763,";警報画面1,2　警告画面　動作表示",,,,,,,1,4,,,
10948,10949,;ユーザーレベル/選択言語,,,,,,,,,1,2,,,
65534,;予備,,,,,,,,,,1,2,,,
65534,;予備,,,,,,,,,,1,2,,,
65534,;予備,,,,,,,,,,1,2,,,
27584,27585,27586,27589,27590,;軸教示画面 Page5　現在速度,,,,,,,10,,,
11264,11265,11266,11269,11270,;軸教示画面 Page5　1行目　速度表示･設定　M側,,,,,,,10,,,
11152,11153,11154,11157,11158,;軸教示画面 Page5　2行目　速度表示･設定　M側,,,,,,,10,,,
11168,11169,11170,11173,11174,;軸教示画面 Page5　3行目　速度表示･設定　M側,,,,,,,10,,,
11184,11185,11186,11189,11190,;軸教示画面 Page5　4行目　速度表示･設定　M側,,,,,,,10,,,
11200,11201,11202,11205,11206,;軸教示画面 Page5　5行目　速度表示･設定　M側,,,,,,,10,,,
11216,11217,11218,11221,11222,;軸教示画面 Page5　6行目　速度表示･設定　M側,,,,,,,10,,,
11232,11233,11234,11237,11238,;軸教示画面 Page5　7行目　速度表示･設定　M側,,,,,,,10,,,
11248,11249,11250,11253,11254,;軸教示画面 Page5　8行目　速度表示･設定　M側,,,,,,,10,,,
;group,20,;軸教示（Page1 位置 S側）,,,;read address013,,,,,,,224,,,
11325,;現在ファイル番号,,,,,,,,,,1,2,,,
65472,;現在ファイルコメント,,,,,,,,,,1,20,,,
65440,;現在時刻,,,,,,,,,,1,6,,,
3456,3457,3458,3459,3460,3461,3462,3463,;シーケンサー情報1,,,1,1,,,
3464,3465,3466,3467,3468,3469,2677,2688,;シーケンサー情報2,,,1,1,,,
10840,10764,;全体速度/教示速度,,,,,,,,,1,2,,,
10760,10761,10762,10763,";警報画面1,2　警告画面　動作表示",,,,,,,1,4,,,
10948,10949,;ユーザーレベル/選択言語,,,,,,,,,1,2,,,
65534,;予備,,,,,,,,,,1,2,,,
65534,;予備,,,,,,,,,,1,2,,,
65534,;予備,,,,,,,,,,1,2,,,
51568,51569,51570,51573,51574,;軸教示画面 Page1 　現在位置,,,,,,,20,,,
65535,65535,65535,65535,65535,;軸教示画面 Page1 　1行目　位置表示･設定　S側,,,,,,,20,,,
27728,27729,27730,27731,27732,;軸教示画面 Page1 　2行目　位置表示･設定　S側,,,,,,,20,,,
27744,27745,27746,27747,27748,;軸教示画面 Page1 　3行目　位置表示･設定　S側,,,,,,,20,,,
27760,27761,27762,27763,27764,;軸教示画面 Page1 　4行目　位置表示･設定　S側,,,,,,,20,,,
27776,27777,27778,27779,27780,;軸教示画面 Page1 　5行目　位置表示･設定　S側,,,,,,,20,,,
27792,27793,27794,27795,27796,;軸教示画面 Page1 　6行目　位置表示･設定　S側,,,,,,,20,,,
27808,27809,27810,27811,27812,;軸教示画面 Page1 　7行目　位置表示･設定　S側,,,,,,,20,,,
27824,27825,27826,27827,27828,;軸教示画面 Page1 　8行目　位置表示･設定　S側,,,,,,,20,,,
;group,21,;軸教示（Page1 速度 S側）,,,;read address014,,,,,,,134,,,
11325,;現在ファイル番号,,,,,,,,,,1,2,,,
65472,;現在ファイルコメント,,,,,,,,,,1,20,,,
65440,;現在時刻,,,,,,,,,,1,6,,,
3456,3457,3458,3459,3460,3461,3462,3463,;シーケンサー情報1,,,1,1,,,
3464,3465,3466,3467,3468,3469,2677,2688,;シーケンサー情報2,,,1,1,,,
10840,10764,;全体速度/教示速度,,,,,,,,,1,2,,,
10760,10761,10762,10763,";警報画面1,2　警告画面　動作表示",,,,,,,1,4,,,
10948,10949,;ユーザーレベル/選択言語,,,,,,,,,1,2,,,
65534,;予備,,,,,,,,,,1,2,,,
65534,;予備,,,,,,,,,,1,2,,,
65534,;予備,,,,,,,,,,1,2,,,
27584,27585,27586,27587,27588,;軸教示画面 Page1 　現在速度,,,,,,,10,,,
27488,27489,27490,27491,27492,;軸教示画面 Page1 　1行目　速度表示･設定　S側,,,,,,,10,,,
11152,11153,11154,11155,11156,;軸教示画面 Page1 　2行目　速度表示･設定　S側,,,,,,,10,,,
11168,11169,11170,11171,11172,;軸教示画面 Page1 　3行目　速度表示･設定　S側,,,,,,,10,,,
11184,11185,11186,11187,11188,;軸教示画面 Page1 　4行目　速度表示･設定　S側,,,,,,,10,,,
11200,11201,11202,11203,11204,;軸教示画面 Page1 　5行目　速度表示･設定　S側,,,,,,,10,,,
11216,11217,11218,11219,11220,;軸教示画面 Page1 　6行目　速度表示･設定　S側,,,,,,,10,,,
11232,11233,11234,11235,11236,;軸教示画面 Page1 　7行目　速度表示･設定　S側,,,,,,,10,,,
11248,11249,11250,11251,11252,;軸教示画面 Page1 　8行目　速度表示･設定　S側,,,,,,,10,,,
;group,22,;軸教示（Page2 位置 S側）,,,;read address015,,,,,,,224,,,
11325,;現在ファイル番号,,,,,,,,,,1,2,,,
65472,;現在ファイルコメント,,,,,,,,,,1,20,,,
65440,;現在時刻,,,,,,,,,,1,6,,,
3456,3457,3458,3459,3460,3461,3462,3463,;シーケンサー情報1,,,1,1,,,
3464,3465,3466,3467,3468,3469,2677,2688,;シーケンサー情報2,,,1,1,,,
10840,10764,;全体速度/教示速度,,,,,,,,,1,2,,,
10760,10761,10762,10763,";警報画面1,2　警告画面　動作表示",,,,,,,1,4,,,
10948,10949,;ユーザーレベル/選択言語,,,,,,,,,1,2,,,
65534,;予備,,,,,,,,,,1,2,,,
65534,;予備,,,,,,,,,,1,2,,,
65534,;予備,,,,,,,,,,1,2,,,
51568,51569,51570,51571,51572,;軸教示画面 Page2 　現在位置,,,,,,,20,,,
65535,65535,65535,65535,65535,;軸教示画面 Page2 　1行目　位置表示･設定　S側,,,,,,,20,,,
27840,27841,27842,27843,27844,;軸教示画面 Page2 　2行目　位置表示･設定　S側,,,,,,,20,,,
27856,27857,27858,27859,27860,;軸教示画面 Page2 　3行目　位置表示･設定　S側,,,,,,,20,,,
27872,27873,27874,27875,27876,;軸教示画面 Page2 　4行目　位置表示･設定　S側,,,,,,,20,,,
27888,27889,27890,27891,27892,;軸教示画面 Page2 　5行目　位置表示･設定　S側,,,,,,,20,,,
27904,27905,27906,27907,27908,;軸教示画面 Page2 　6行目　位置表示･設定　S側,,,,,,,20,,,
27920,27921,27922,27923,27924,;軸教示画面 Page2 　7行目　位置表示･設定　S側,,,,,,,20,,,
27936,27937,27938,27939,27940,;軸教示画面 Page2 　8行目　位置表示･設定　S側,,,,,,,20,,,
;group,23,;軸教示（Page2 速度 S側）,,,;read address016,,,,,,,134,,,
11325,;現在ファイル番号,,,,,,,,,,1,2,,,
65472,;現在ファイルコメント,,,,,,,,,,1,20,,,
65440,;現在時刻,,,,,,,,,,1,6,,,
3456,3457,3458,3459,3460,3461,3462,3463,;シーケンサー情報1,,,1,1,,,
3464,3465,3466,3467,3468,3469,2677,2688,;シーケンサー情報2,,,1,1,,,
10840,10764,;全体速度/教示速度,,,,,,,,,1,2,,,
10760,10761,10762,10763,";警報画面1,2　警告画面　動作表示",,,,,,,1,4,,,
10948,10949,;ユーザーレベル/選択言語,,,,,,,,,1,2,,,
65534,;予備,,,,,,,,,,1,2,,,
65534,;予備,,,,,,,,,,1,2,,,
65534,;予備,,,,,,,,,,1,2,,,
27584,27585,27586,27587,27588,;軸教示画面 Page2　現在速度,,,,,,,10,,,
11264,11265,11266,11267,11268,;軸教示画面 Page2　1行目　速度表示･設定　S側,,,,,,,10,,,
11152,11153,11154,11155,11156,;軸教示画面 Page2　2行目　速度表示･設定　S側,,,,,,,10,,,
11168,11169,11170,11171,11172,;軸教示画面 Page2　3行目　速度表示･設定　S側,,,,,,,10,,,
11184,11185,11186,11187,11188,;軸教示画面 Page2　4行目　速度表示･設定　S側,,,,,,,10,,,
11200,11201,11202,11203,11204,;軸教示画面 Page2　5行目　速度表示･設定　S側,,,,,,,10,,,
11216,11217,11218,11219,11220,;軸教示画面 Page2　6行目　速度表示･設定　S側,,,,,,,10,,,
11232,11233,11234,11235,11236,;軸教示画面 Page2　7行目　速度表示･設定　S側,,,,,,,10,,,
11248,11249,11250,11251,11252,;軸教示画面 Page2　8行目　速度表示･設定　S側,,,,,,,10,,,
;group,24,;軸教示（Page3 位置 S側）,,,;read address017,,,,,,,224,,,
11325,;現在ファイル番号,,,,,,,,,,1,2,,,
65472,;現在ファイルコメント,,,,,,,,,,1,20,,,
65440,;現在時刻,,,,,,,,,,1,6,,,
3456,3457,3458,3459,3460,3461,3462,3463,;シーケンサー情報1,,,1,1,,,
3464,3465,3466,3467,3468,3469,2677,2688,;シーケンサー情報2,,,1,1,,,
10840,10764,;全体速度/教示速度,,,,,,,,,1,2,,,
10760,10761,10762,10763,";警報画面1,2　警告画面　動作表示",,,,,,,1,4,,,
10948,10949,;ユーザーレベル/選択言語,,,,,,,,,1,2,,,
65534,;予備,,,,,,,,,,1,2,,,
65534,;予備,,,,,,,,,,1,2,,,
65534,;予備,,,,,,,,,,1,2,,,
51568,51569,51570,51571,51572,;軸教示画面 Page3 　現在位置,,,,,,,20,,,
65535,65535,65535,65535,65535,;軸教示画面 Page3 　1行目　位置表示･設定　S側,,,,,,,20,,,
27952,27953,27954,27955,27956,;軸教示画面 Page3 　2行目　位置表示･設定　S側,,,,,,,20,,,
27968,27969,27970,27971,27972,;軸教示画面 Page3 　3行目　位置表示･設定　S側,,,,,,,20,,,
27984,27985,27986,27987,27988,;軸教示画面 Page3 　4行目　位置表示･設定　S側,,,,,,,20,,,
28000,28001,28002,28003,28004,;軸教示画面 Page3 　5行目　位置表示･設定　S側,,,,,,,20,,,
28016,28017,28018,28019,28020,;軸教示画面 Page3 　6行目　位置表示･設定　S側,,,,,,,20,,,
28032,28033,28034,28035,28036,;軸教示画面 Page3 　7行目　位置表示･設定　S側,,,,,,,20,,,
28048,28049,28050,28051,28052,;軸教示画面 Page3 　8行目　位置表示･設定　S側,,,,,,,20,,,
;group,25,;軸教示（Page3 速度 S側）,,,;read address018,,,,,,,134,,,
11325,;現在ファイル番号,,,,,,,,,,1,2,,,
65472,;現在ファイルコメント,,,,,,,,,,1,20,,,
65440,;現在時刻,,,,,,,,,,1,6,,,
3456,3457,3458,3459,3460,3461,3462,3463,;シーケンサー情報1,,,1,1,,,
3464,3465,3466,3467,3468,3469,2677,2688,;シーケンサー情報2,,,1,1,,,
10840,10764,;全体速度/教示速度,,,,,,,,,1,2,,,
10760,10761,10762,10763,";警報画面1,2　警告画面　動作表示",,,,,,,1,4,,,
10948,10949,;ユーザーレベル/選択言語,,,,,,,,,1,2,,,
65534,;予備,,,,,,,,,,1,2,,,
65534,;予備,,,,,,,,,,1,2,,,
65534,;予備,,,,,,,,,,1,2,,,
27584,27585,27586,27587,27588,;軸教示画面 Page3　現在速度,,,,,,,10,,,
11264,11265,11266,11267,11268,;軸教示画面 Page3　1行目　速度表示･設定　S側,,,,,,,10,,,
11152,11153,11154,11155,11156,;軸教示画面 Page3　2行目　速度表示･設定　S側,,,,,,,10,,,
11168,11169,11170,11171,11172,;軸教示画面 Page3　3行目　速度表示･設定　S側,,,,,,,10,,,
11184,11185,11186,11187,11188,;軸教示画面 Page3　4行目　速度表示･設定　S側,,,,,,,10,,,
11200,11201,11202,11203,11204,;軸教示画面 Page3　5行目　速度表示･設定　S側,,,,,,,10,,,
11216,11217,11218,11219,11220,;軸教示画面 Page3　6行目　速度表示･設定　S側,,,,,,,10,,,
11232,11233,11234,11235,11236,;軸教示画面 Page3　7行目　速度表示･設定　S側,,,,,,,10,,,
11248,11249,11250,11251,11252,;軸教示画面 Page3　8行目　速度表示･設定　S側,,,,,,,10,,,
;group,26,;軸教示（Page4 位置 S側）,,,;read address019,,,,,,,224,,,
11325,;現在ファイル番号,,,,,,,,,,1,2,,,
65472,;現在ファイルコメント,,,,,,,,,,1,20,,,
65440,;現在時刻,,,,,,,,,,1,6,,,
3456,3457,3458,3459,3460,3461,3462,3463,;シーケンサー情報1,,,1,1,,,
3464,3465,3466,3467,3468,3469,2677,2688,;シーケンサー情報2,,,1,1,,,
10840,10764,;全体速度/教示速度,,,,,,,,,1,2,,,
10760,10761,10762,10763,";警報画面1,2　警告画面　動作表示",,,,,,,1,4,,,
10948,10949,;ユーザーレベル/選択言語,,,,,,,,,1,2,,,
65534,;予備,,,,,,,,,,1,2,,,
65534,;予備,,,,,,,,,,1,2,,,
65534,;予備,,,,,,,,,,1,2,,,
51568,51569,51570,51571,51572,;軸教示画面 Page4 　現在位置,,,,,,,20,,,
65535,65535,65535,65535,65535,;軸教示画面 Page4 　1行目　位置表示･設定　S側,,,,,,,20,,,
28064,28065,28066,28067,28068,;軸教示画面 Page4 　2行目　位置表示･設定　S側,,,,,,,20,,,
28080,28081,28082,28083,28084,;軸教示画面 Page4 　3行目　位置表示･設定　S側,,,,,,,20,,,
28096,28097,28098,28099,28100,;軸教示画面 Page4 　4行目　位置表示･設定　S側,,,,,,,20,,,
28112,28113,28114,28115,28116,;軸教示画面 Page4 　5行目　位置表示･設定　S側,,,,,,,20,,,
28128,28129,28130,28131,28132,;軸教示画面 Page4 　6行目　位置表示･設定　S側,,,,,,,20,,,
28144,28145,28146,28147,28148,;軸教示画面 Page4 　7行目　位置表示･設定　S側,,,,,,,20,,,
28160,28161,28162,28163,28164,;軸教示画面 Page4 　8行目　位置表示･設定　S側,,,,,,,20,,,
;group,27,;軸教示（Page4 速度 S側）,,,;read address01A,,,,,,,134,,,
11325,;現在ファイル番号,,,,,,,,,,1,2,,,
65472,;現在ファイルコメント,,,,,,,,,,1,20,,,
65440,;現在時刻,,,,,,,,,,1,6,,,
3456,3457,3458,3459,3460,3461,3462,3463,;シーケンサー情報1,,,1,1,,,
3464,3465,3466,3467,3468,3469,2677,2688,;シーケンサー情報2,,,1,1,,,
10840,10764,;全体速度/教示速度,,,,,,,,,1,2,,,
10760,10761,10762,10763,";警報画面1,2　警告画面　動作表示",,,,,,,1,4,,,
10948,10949,;ユーザーレベル/選択言語,,,,,,,,,1,2,,,
65534,;予備,,,,,,,,,,1,2,,,
65534,;予備,,,,,,,,,,1,2,,,
65534,;予備,,,,,,,,,,1,2,,,
27584,27585,27586,27587,27588,;軸教示画面 Page4　現在速度,,,,,,,10,,,
11264,11265,11266,11267,11268,;軸教示画面 Page4　1行目　速度表示･設定　S側,,,,,,,10,,,
11152,11153,11154,11155,11156,;軸教示画面 Page4　2行目　速度表示･設定　S側,,,,,,,10,,,
11168,11169,11170,11171,11172,;軸教示画面 Page4　3行目　速度表示･設定　S側,,,,,,,10,,,
11184,11185,11186,11187,11188,;軸教示画面 Page4　4行目　速度表示･設定　S側,,,,,,,10,,,
11200,11201,11202,11203,11204,;軸教示画面 Page4　5行目　速度表示･設定　S側,,,,,,,10,,,
11216,11217,11218,11219,11220,;軸教示画面 Page4　6行目　速度表示･設定　S側,,,,,,,10,,,
11232,11233,11234,11235,11236,;軸教示画面 Page4　7行目　速度表示･設定　S側,,,,,,,10,,,
11248,11249,11250,11251,11252,;軸教示画面 Page4　8行目　速度表示･設定　S側,,,,,,,10,,,
;group,28,;軸教示（Page5 位置 S側）,,,;read address01B,,,,,,,224,,,
11325,;現在ファイル番号,,,,,,,,,,1,2,,,
65472,;現在ファイルコメント,,,,,,,,,,1,20,,,
65440,;現在時刻,,,,,,,,,,1,6,,,
3456,3457,3458,3459,3460,3461,3462,3463,;シーケンサー情報1,,,1,1,,,
3464,3465,3466,3467,3468,3469,2677,2688,;シーケンサー情報2,,,1,1,,,
10840,10764,;全体速度/教示速度,,,,,,,,,1,2,,,
10760,10761,10762,10763,";警報画面1,2　警告画面　動作表示",,,,,,,1,4,,,
10948,10949,;ユーザーレベル/選択言語,,,,,,,,,1,2,,,
65534,;予備,,,,,,,,,,1,2,,,
65534,;予備,,,,,,,,,,1,2,,,
65534,;予備,,,,,,,,,,1,2,,,
51568,51569,51570,51571,51572,;軸教示画面 Page5 　現在位置,,,,,,,20,,,
65535,65535,65535,65535,65535,;軸教示画面 Page5 　1行目　位置表示･設定　S側,,,,,,,20,,,
28176,28177,28178,28179,28180,;軸教示画面 Page5 　2行目　位置表示･設定　S側,,,,,,,20,,,
28192,28193,28194,28195,28196,;軸教示画面 Page5 　3行目　位置表示･設定　S側,,,,,,,20,,,
28208,28209,28210,28211,28212,;軸教示画面 Page5 　4行目　位置表示･設定　S側,,,,,,,20,,,
28224,28225,28226,28227,28228,;軸教示画面 Page5 　5行目　位置表示･設定　S側,,,,,,,20,,,
28240,28241,28242,28243,28244,;軸教示画面 Page5 　6行目　位置表示･設定　S側,,,,,,,20,,,
28256,28257,28258,28259,28260,;軸教示画面 Page5 　7行目　位置表示･設定　S側,,,,,,,20,,,
28272,28273,28274,28275,28276,;軸教示画面 Page5 　8行目　位置表示･設定　S側,,,,,,,20,,,
;group,29,;軸教示（Page5 速度 S側）,,,;read address01C,,,,,,,134,,,
11325,;現在ファイル番号,,,,,,,,,,1,2,,,
65472,;現在ファイルコメント,,,,,,,,,,1,20,,,
65440,;現在時刻,,,,,,,,,,1,6,,,
3456,3457,3458,3459,3460,3461,3462,3463,;シーケンサー情報1,,,1,1,,,
3464,3465,3466,3467,3468,3469,2677,2688,;シーケンサー情報2,,,1,1,,,
10840,10764,;全体速度/教示速度,,,,,,,,,1,2,,,
10760,10761,10762,10763,";警報画面1,2　警告画面　動作表示",,,,,,,1,4,,,
10948,10949,;ユーザーレベル/選択言語,,,,,,,,,1,2,,,
65534,;予備,,,,,,,,,,1,2,,,
65534,;予備,,,,,,,,,,1,2,,,
65534,;予備,,,,,,,,,,1,2,,,
27584,27585,27586,27587,27588,;軸教示画面 Page5　現在速度,,,,,,,10,,,
11264,11265,11266,11267,11268,;軸教示画面 Page5　1行目　速度表示･設定　S側,,,,,,,10,,,
11152,11153,11154,11155,11156,;軸教示画面 Page5　2行目　速度表示･設定　S側,,,,,,,10,,,
11168,11169,11170,11171,11172,;軸教示画面 Page5　3行目　速度表示･設定　S側,,,,,,,10,,,
11184,11185,11186,11187,11188,;軸教示画面 Page5　4行目　速度表示･設定　S側,,,,,,,10,,,
11200,11201,11202,11203,11204,;軸教示画面 Page5　5行目　速度表示･設定　S側,,,,,,,10,,,
11216,11217,11218,11219,11220,;軸教示画面 Page5　6行目　速度表示･設定　S側,,,,,,,10,,,
11232,11233,11234,11235,11236,;軸教示画面 Page5　7行目　速度表示･設定　S側,,,,,,,10,,,
11248,11249,11250,11251,11252,;軸教示画面 Page5　8行目　速度表示･設定　S側,,,,,,,10,,,
;group,30,;標準パレタイズ画面１,,,;read address01D,,,,,,,134,,,
11325,;現在ファイル番号,,,,,,,,,,1,2,,,
65472,;現在ファイルコメント,,,,,,,,,,1,20,,,
65440,;現在時刻,,,,,,,,,,1,6,,,
3456,3457,3458,3459,3460,3461,3462,3463,;シーケンサー情報1,,,1,1,,,
3464,3465,3466,3467,3468,3469,2677,2688,;シーケンサー情報2,,,1,1,,,
10840,10764,;全体速度/教示速度,,,,,,,,,1,2,,,
10760,10761,10762,10763,";警報画面1,2　警告画面　動作表示",,,,,,,1,4,,,
10948,10949,;ユーザーレベル/選択言語,,,,,,,,,1,2,,,
65534,;予備,,,,,,,,,,1,2,,,
65534,;予備,,,,,,,,,,1,2,,,
65534,;予備,,,,,,,,,,1,2,,,
51568,51569,51570,51573,51574,;標準パレタイズ画面１ 現在位置,,,,,,,20,,,
43456,43457,43458,43461,43462,;標準パレタイズ画面１ スタート位置,,,,,,,20,,,
26880,26881,26882,26885,26886,;標準パレタイズ画面１ 速度位置,,,,,,,10,,,
43712,43713,43714,;,,;標準パレタイズ画面１ ピッチ距離,,,,,,,12,,,
10792,10794,;,,,;標準パレタイズ画面１ パレタイズ数,,,,,,,4,,,
10856,10858,;,,,;標準パレタイズ画面１ カウント値,,,,,,,4,,,
43426,;,,,,;標準パレタイズ画面１ 手前低速距離,,,,,,,4,,,
26850,;,,,,;標準パレタイズ画面１ 手前低速速度,,,,,,,2,,,
43442,;,,,,;標準パレタイズ画面１ 上昇距離,,,,,,,4,,,
26866,;,,,,;標準パレタイズ画面１ 上昇速度,,,,,,,2,,,
27136,27137,27138,;,,;標準パレタイズ画面１ パレタイズ順序,,,,,,,6,,,
3520,;,,,,;標準パレタイズ画面１ パレタイズ姿勢選択,,,,,,,2,,,
;group,31,;標準パレタイズ画面２,,,;read address01E,,,,,,,134,,,
11325,;現在ファイル番号,,,,,,,,,,1,2,,,
65472,;現在ファイルコメント,,,,,,,,,,1,20,,,
65440,;現在時刻,,,,,,,,,,1,6,,,
3456,3457,3458,3459,3460,3461,3462,3463,;シーケンサー情報1,,,1,1,,,
3464,3465,3466,3467,3468,3469,2677,2688,;シーケンサー情報2,,,1,1,,,
10840,10764,;全体速度/教示速度,,,,,,,,,1,2,,,
10760,10761,10762,10763,";警報画面1,2　警告画面　動作表示",,,,,,,1,4,,,
10948,10949,;ユーザーレベル/選択言語,,,,,,,,,1,2,,,
65534,;予備,,,,,,,,,,1,2,,,
65534,;予備,,,,,,,,,,1,2,,,
65534,;予備,,,,,,,,,,1,2,,,
51568,51569,51570,51573,51574,;標準パレタイズ画面２ 現在位置,,,,,,,20,,,
43472,43473,43474,43477,43478,;標準パレタイズ画面２ スタート位置,,,,,,,20,,,
26896,26897,26898,26901,26902,;標準パレタイズ画面２ 速度位置,,,,,,,10,,,
43728,43729,43730,;,,;標準パレタイズ画面２ ピッチ距離,,,,,,,12,,,
10795,10797,;,,,;標準パレタイズ画面２ パレタイズ数,,,,,,,4,,,
10859,10861,;,,,;標準パレタイズ画面２ カウント値,,,,,,,4,,,
43426,;,,,,;標準パレタイズ画面２ 手前低速距離,,,,,,,4,,,
26850,;,,,,;標準パレタイズ画面２ 手前低速速度,,,,,,,2,,,
43442,;,,,,;標準パレタイズ画面２ 上昇距離,,,,,,,4,,,
26866,;,,,,;標準パレタイズ画面２ 上昇速度,,,,,,,2,,,
27152,27153,27154,;,,;標準パレタイズ画面２ パレタイズ順序,,,,,,,6,,,
3520,;,,,,;標準パレタイズ画面２ パレタイズ姿勢選択,,,,,,,2,,,
;group,32,;標準パレタイズ画面３,,,;read address01F,,,,,,,134,,,
11325,;現在ファイル番号,,,,,,,,,,1,2,,,
65472,;現在ファイルコメント,,,,,,,,,,1,20,,,
65440,;現在時刻,,,,,,,,,,1,6,,,
3456,3457,3458,3459,3460,3461,3462,3463,;シーケンサー情報1,,,1,1,,,
3464,3465,3466,3467,3468,3469,2677,2688,;シーケンサー情報2,,,1,1,,,
10840,10764,;全体速度/教示速度,,,,,,,,,1,2,,,
10760,10761,10762,10763,";警報画面1,2　警告画面　動作表示",,,,,,,1,4,,,
10948,10949,;ユーザーレベル/選択言語,,,,,,,,,1,2,,,
65534,;予備,,,,,,,,,,1,2,,,
65534,;予備,,,,,,,,,,1,2,,,
65534,;予備,,,,,,,,,,1,2,,,
51568,51569,51570,51573,51574,;標準パレタイズ画面３ 現在位置,,,,,,,20,,,
43488,43489,43490,43493,43494,;標準パレタイズ画面３ スタート位置,,,,,,,20,,,
26912,26913,26914,26917,26918,;標準パレタイズ画面３ 速度位置,,,,,,,10,,,
43744,43745,43746,;,,;標準パレタイズ画面３ ピッチ距離,,,,,,,12,,,
10798,10800,;,,,;標準パレタイズ画面３ パレタイズ数,,,,,,,4,,,
10862,10864,;,,,;標準パレタイズ画面３ カウント値,,,,,,,4,,,
43426,;,,,,;標準パレタイズ画面３ 手前低速距離,,,,,,,4,,,
26850,;,,,,;標準パレタイズ画面３ 手前低速速度,,,,,,,2,,,
43442,;,,,,;標準パレタイズ画面３ 上昇距離,,,,,,,4,,,
26866,;,,,,;標準パレタイズ画面３ 上昇速度,,,,,,,2,,,
27168,27169,27170,;,,;標準パレタイズ画面３ パレタイズ順序,,,,,,,6,,,
3520,;,,,,;標準パレタイズ画面３ パレタイズ姿勢選択,,,,,,,2,,,
;group,33,;標準パレタイズ画面４,,,;read address020,,,,,,,134,,,
11325,;現在ファイル番号,,,,,,,,,,1,2,,,
65472,;現在ファイルコメント,,,,,,,,,,1,20,,,
65440,;現在時刻,,,,,,,,,,1,6,,,
3456,3457,3458,3459,3460,3461,3462,3463,;シーケンサー情報1,,,1,1,,,
3464,3465,3466,3467,3468,3469,2677,2688,;シーケンサー情報2,,,1,1,,,
10840,10764,;全体速度/教示速度,,,,,,,,,1,2,,,
10760,10761,10762,10763,";警報画面1,2　警告画面　動作表示",,,,,,,1,4,,,
10948,10949,;ユーザーレベル/選択言語,,,,,,,,,1,2,,,
65534,;予備,,,,,,,,,,1,2,,,
65534,;予備,,,,,,,,,,1,2,,,
65534,;予備,,,,,,,,,,1,2,,,
51568,51569,51570,51573,51574,;標準パレタイズ画面４ 現在位置,,,,,,,20,,,
43504,43505,43506,43509,43510,;標準パレタイズ画面４ スタート位置,,,,,,,20,,,
26928,26929,26930,26933,26934,;標準パレタイズ画面４ 速度位置,,,,,,,10,,,
43760,43761,43762,;,,;標準パレタイズ画面４ ピッチ距離,,,,,,,12,,,
10801,10803,;,,,;標準パレタイズ画面４ パレタイズ数,,,,,,,4,,,
10865,10867,;,,,;標準パレタイズ画面４ カウント値,,,,,,,4,,,
43426,;,,,,;標準パレタイズ画面４ 手前低速距離,,,,,,,4,,,
26850,;,,,,;標準パレタイズ画面４ 手前低速速度,,,,,,,2,,,
43442,;,,,,;標準パレタイズ画面４ 上昇距離,,,,,,,4,,,
26866,;,,,,;標準パレタイズ画面４ 上昇速度,,,,,,,2,,,
27184,27185,27186,;,,;標準パレタイズ画面４ パレタイズ順序,,,,,,,6,,,
3520,;,,,,;標準パレタイズ画面４ パレタイズ姿勢選択,,,,,,,2,,,
;group,34,;標準パレタイズ画面５,,,;read address021,,,,,,,134,,,
11325,;現在ファイル番号,,,,,,,,,,1,2,,,
65472,;現在ファイルコメント,,,,,,,,,,1,20,,,
65440,;現在時刻,,,,,,,,,,1,6,,,
3456,3457,3458,3459,3460,3461,3462,3463,;シーケンサー情報1,,,1,1,,,
3464,3465,3466,3467,3468,3469,2677,2688,;シーケンサー情報2,,,1,1,,,
10840,10764,;全体速度/教示速度,,,,,,,,,1,2,,,
10760,10761,10762,10763,";警報画面1,2　警告画面　動作表示",,,,,,,1,4,,,
10948,10949,;ユーザーレベル/選択言語,,,,,,,,,1,2,,,
65534,;予備,,,,,,,,,,1,2,,,
65534,;予備,,,,,,,,,,1,2,,,
65534,;予備,,,,,,,,,,1,2,,,
51568,51569,51570,51573,51574,;標準パレタイズ画面５ 現在位置,,,,,,,20,,,
43520,43521,43522,43525,43526,;標準パレタイズ画面５ スタート位置,,,,,,,20,,,
26944,26945,26946,26949,26950,;標準パレタイズ画面５ 速度位置,,,,,,,10,,,
43776,43777,43778,;,,;標準パレタイズ画面５ ピッチ距離,,,,,,,12,,,
10804,10806,;,,,;標準パレタイズ画面５ パレタイズ数,,,,,,,4,,,
10868,10870,;,,,;標準パレタイズ画面５ カウント値,,,,,,,4,,,
43426,;,,,,;標準パレタイズ画面５ 手前低速距離,,,,,,,4,,,
26850,;,,,,;標準パレタイズ画面５ 手前低速速度,,,,,,,2,,,
43442,;,,,,;標準パレタイズ画面５ 上昇距離,,,,,,,4,,,
26866,;,,,,;標準パレタイズ画面５ 上昇速度,,,,,,,2,,,
27200,27201,27202,;,,;標準パレタイズ画面５ パレタイズ順序,,,,,,,6,,,
3520,;,,,,;標準パレタイズ画面５ パレタイズ姿勢選択,,,,,,,2,,,
;group,35,;標準パレタイズ画面６,,,;read address022,,,,,,,134,,,
11325,;現在ファイル番号,,,,,,,,,,1,2,,,
65472,;現在ファイルコメント,,,,,,,,,,1,20,,,
65440,;現在時刻,,,,,,,,,,1,6,,,
3456,3457,3458,3459,3460,3461,3462,3463,;シーケンサー情報1,,,1,1,,,
3464,3465,3466,3467,3468,3469,2677,2688,;シーケンサー情報2,,,1,1,,,
10840,10764,;全体速度/教示速度,,,,,,,,,1,2,,,
10760,10761,10762,10763,";警報画面1,2　警告画面　動作表示",,,,,,,1,4,,,
10948,10949,;ユーザーレベル/選択言語,,,,,,,,,1,2,,,
65534,;予備,,,,,,,,,,1,2,,,
65534,;予備,,,,,,,,,,1,2,,,
65534,;予備,,,,,,,,,,1,2,,,
51568,51569,51570,51573,51574,;標準パレタイズ画面６ 現在位置,,,,,,,20,,,
43536,43537,43538,43541,43542,;標準パレタイズ画面６ スタート位置,,,,,,,20,,,
26960,26961,26962,26965,26966,;標準パレタイズ画面６ 速度位置,,,,,,,10,,,
43792,43793,43794,;,,;標準パレタイズ画面６ ピッチ距離,,,,,,,12,,,
10807,10809,;,,,;標準パレタイズ画面６ パレタイズ数,,,,,,,4,,,
10871,10873,;,,,;標準パレタイズ画面６ カウント値,,,,,,,4,,,
43426,;,,,,;標準パレタイズ画面６ 手前低速距離,,,,,,,4,,,
26850,;,,,,;標準パレタイズ画面６ 手前低速速度,,,,,,,2,,,
43442,;,,,,;標準パレタイズ画面６ 上昇距離,,,,,,,4,,,
26866,;,,,,;標準パレタイズ画面６ 上昇速度,,,,,,,2,,,
27216,27217,27218,;,,;標準パレタイズ画面６ パレタイズ順序,,,,,,,6,,,
3520,;,,,,;標準パレタイズ画面６ パレタイズ姿勢選択,,,,,,,2,,,
;group,36,;標準パレタイズ画面７,,,;read address023,,,,,,,134,,,
11325,;現在ファイル番号,,,,,,,,,,1,2,,,
65472,;現在ファイルコメント,,,,,,,,,,1,20,,,
65440,;現在時刻,,,,,,,,,,1,6,,,
3456,3457,3458,3459,3460,3461,3462,3463,;シーケンサー情報1,,,1,1,,,
3464,3465,3466,3467,3468,3469,2677,2688,;シーケンサー情報2,,,1,1,,,
10840,10764,;全体速度/教示速度,,,,,,,,,1,2,,,
10760,10761,10762,10763,";警報画面1,2　警告画面　動作表示",,,,,,,1,4,,,
10948,10949,;ユーザーレベル/選択言語,,,,,,,,,1,2,,,
65534,;予備,,,,,,,,,,1,2,,,
65534,;予備,,,,,,,,,,1,2,,,
65534,;予備,,,,,,,,,,1,2,,,
51568,51569,51570,51573,51574,;標準パレタイズ画面７ 現在位置,,,,,,,20,,,
43552,43553,43554,43557,43558,;標準パレタイズ画面７ スタート位置,,,,,,,20,,,
26976,26977,26978,26981,26982,;標準パレタイズ画面７ 速度位置,,,,,,,10,,,
43808,43809,43810,;,,;標準パレタイズ画面７ ピッチ距離,,,,,,,12,,,
10810,10812,;,,,;標準パレタイズ画面７ パレタイズ数,,,,,,,4,,,
10874,10876,;,,,;標準パレタイズ画面７ カウント値,,,,,,,4,,,
43426,;,,,,;標準パレタイズ画面７ 手前低速距離,,,,,,,4,,,
26850,;,,,,;標準パレタイズ画面７ 手前低速速度,,,,,,,2,,,
43442,;,,,,;標準パレタイズ画面７ 上昇距離,,,,,,,4,,,
26866,;,,,,;標準パレタイズ画面７ 上昇速度,,,,,,,2,,,
27232,27233,27234,;,,;標準パレタイズ画面７ パレタイズ順序,,,,,,,6,,,
3520,;,,,,;標準パレタイズ画面７ パレタイズ姿勢選択,,,,,,,2,,,
;group,37,;標準パレタイズ画面８,,,;read address024,,,,,,,134,,,
11325,;現在ファイル番号,,,,,,,,,,1,2,,,
65472,;現在ファイルコメント,,,,,,,,,,1,20,,,
65440,;現在時刻,,,,,,,,,,1,6,,,
3456,3457,3458,3459,3460,3461,3462,3463,;シーケンサー情報1,,,1,1,,,
3464,3465,3466,3467,3468,3469,2677,2688,;シーケンサー情報2,,,1,1,,,
10840,10764,;全体速度/教示速度,,,,,,,,,1,2,,,
10760,10761,10762,10763,";警報画面1,2　警告画面　動作表示",,,,,,,1,4,,,
10948,10949,;ユーザーレベル/選択言語,,,,,,,,,1,2,,,
65534,;予備,,,,,,,,,,1,2,,,
65534,;予備,,,,,,,,,,1,2,,,
65534,;予備,,,,,,,,,,1,2,,,
51568,51569,51570,51573,51574,;標準パレタイズ画面８ 現在位置,,,,,,,20,,,
43568,43569,43570,43573,43574,;標準パレタイズ画面８ スタート位置,,,,,,,20,,,
26992,26993,26994,26997,26998,;標準パレタイズ画面８ 速度位置,,,,,,,10,,,
43824,43825,43826,;,,;標準パレタイズ画面８ ピッチ距離,,,,,,,12,,,
10813,10815,;,,,;標準パレタイズ画面８ パレタイズ数,,,,,,,4,,,
10877,10879,;,,,;標準パレタイズ画面８ カウント値,,,,,,,4,,,
43426,;,,,,;標準パレタイズ画面８ 手前低速距離,,,,,,,4,,,
26850,;,,,,;標準パレタイズ画面８ 手前低速速度,,,,,,,2,,,
43442,;,,,,;標準パレタイズ画面８ 上昇距離,,,,,,,4,,,
26866,;,,,,;標準パレタイズ画面８ 上昇速度,,,,,,,2,,,
27248,27249,27250,;,,;標準パレタイズ画面８ パレタイズ順序,,,,,,,6,,,
3520,;,,,,;標準パレタイズ画面８ パレタイズ姿勢選択,,,,,,,2,,,
;group,38,;自由パレタイズ１,,,;read address025,,,,,,,238,,,
11325,;現在ファイル番号,,,,,,,,,,1,2,,,
65472,;現在ファイルコメント,,,,,,,,,,1,20,,,
65440,;現在時刻,,,,,,,,,,1,6,,,
3456,3457,3458,3459,3460,3461,3462,3463,;シーケンサー情報1,,,1,1,,,
3464,3465,3466,3467,3468,3469,2677,2688,;シーケンサー情報2,,,1,1,,,
10840,10764,;全体速度/教示速度,,,,,,,,,1,2,,,
10760,10761,10762,10763,";警報画面1,2　警告画面　動作表示",,,,,,,1,4,,,
10948,10949,;ユーザーレベル/選択言語,,,,,,,,,1,2,,,
65534,;予備,,,,,,,,,,1,2,,,
65534,;予備,,,,,,,,,,1,2,,,
65534,;予備,,,,,,,,,,1,2,,,
51568,51569,51570,51573,51574,;自由パレタイズ1　現在位置,,,,,,,20,,,
19952,19953,19954,19957,19958,;自由パレタイズ1　速度,,,,,,,10,,,
10831,10895,;,,,;自由パレタイズ1　ポイント数　カウント値,,,,,,,2,,,
65523,550,58880,;,,;自由パレタイズ1　P550～　1-2-3-6-7軸選択,,,,,,,162,,,
;group,39,;自由パレタイズ2,,,;read address026,,,,,,,238,,,
11325,;現在ファイル番号,,,,,,,,,,1,2,,,
65472,;現在ファイルコメント,,,,,,,,,,1,20,,,
65440,;現在時刻,,,,,,,,,,1,6,,,
3456,3457,3458,3459,3460,3461,3462,3463,;シーケンサー情報1,,,1,1,,,
3464,3465,3466,3467,3468,3469,2677,2688,;シーケンサー情報2,,,1,1,,,
10840,10764,;全体速度/教示速度,,,,,,,,,1,2,,,
10760,10761,10762,10763,";警報画面1,2　警告画面　動作表示",,,,,,,1,4,,,
10948,10949,;ユーザーレベル/選択言語,,,,,,,,,1,2,,,
65534,;予備,,,,,,,,,,1,2,,,
65534,;予備,,,,,,,,,,1,2,,,
65534,;予備,,,,,,,,,,1,2,,,
51568,51569,51570,51573,51574,;自由パレタイズ2　現在位置,,,,,,,20,,,
20768,20769,20770,20773,20774,;自由パレタイズ2　速度,,,,,,,10,,,
10832,10896,;,,,;自由パレタイズ2　ポイント数　カウント値,,,,,,,2,,,
65523,601,58880,;,,;自由パレタイズ2　P601～　1-2-3-6-7軸選択,,,,,,,162,,,
;group,40,;自由パレタイズ3,,,;read address027,,,,,,,238,,,
11325,;現在ファイル番号,,,,,,,,,,1,2,,,
65472,;現在ファイルコメント,,,,,,,,,,1,20,,,
65440,;現在時刻,,,,,,,,,,1,6,,,
3456,3457,3458,3459,3460,3461,3462,3463,;シーケンサー情報1,,,1,1,,,
3464,3465,3466,3467,3468,3469,2677,2688,;シーケンサー情報2,,,1,1,,,
10840,10764,;全体速度/教示速度,,,,,,,,,1,2,,,
10760,10761,10762,10763,";警報画面1,2　警告画面　動作表示",,,,,,,1,4,,,
10948,10949,;ユーザーレベル/選択言語,,,,,,,,,1,2,,,
65534,;予備,,,,,,,,,,1,2,,,
65534,;予備,,,,,,,,,,1,2,,,
65534,;予備,,,,,,,,,,1,2,,,
51568,51569,51570,51573,51574,;自由パレタイズ3　現在位置,,,,,,,20,,,
21584,21585,21586,21589,21590,;自由パレタイズ3　速度,,,,,,,10,,,
10833,10897,;,,,;自由パレタイズ3　ポイント数　カウント値,,,,,,,2,,,
65523,652,58880,;,,;自由パレタイズ3　P652～　1-2-3-6-7軸選択,,,,,,,162,,,
;group,41,;自由パレタイズ4,,,;read address028,,,,,,,238,,,
11325,;現在ファイル番号,,,,,,,,,,1,2,,,
65472,;現在ファイルコメント,,,,,,,,,,1,20,,,
65440,;現在時刻,,,,,,,,,,1,6,,,
3456,3457,3458,3459,3460,3461,3462,3463,;シーケンサー情報1,,,1,1,,,
3464,3465,3466,3467,3468,3469,2677,2688,;シーケンサー情報2,,,1,1,,,
10840,10764,;全体速度/教示速度,,,,,,,,,1,2,,,
10760,10761,10762,10763,";警報画面1,2　警告画面　動作表示",,,,,,,1,4,,,
10948,10949,;ユーザーレベル/選択言語,,,,,,,,,1,2,,,
65534,;予備,,,,,,,,,,1,2,,,
65534,;予備,,,,,,,,,,1,2,,,
65534,;予備,,,,,,,,,,1,2,,,
51568,51569,51570,51573,51574,;自由パレタイズ4　現在位置,,,,,,,20,,,
22400,22401,22402,22405,22406,;自由パレタイズ4　速度,,,,,,,10,,,
10834,10898,;,,,;自由パレタイズ4　ポイント数　カウント値,,,,,,,2,,,
65523,703,58880,;,,;自由パレタイズ4　P703～　1-2-3-6-7軸選択,,,,,,,162,,,
;group,42,;自由パレタイズ5,,,;read address029,,,,,,,238,,,
11325,;現在ファイル番号,,,,,,,,,,1,2,,,
65472,;現在ファイルコメント,,,,,,,,,,1,20,,,
65440,;現在時刻,,,,,,,,,,1,6,,,
3456,3457,3458,3459,3460,3461,3462,3463,;シーケンサー情報1,,,1,1,,,
3464,3465,3466,3467,3468,3469,2677,2688,;シーケンサー情報2,,,1,1,,,
10840,10764,;全体速度/教示速度,,,,,,,,,1,2,,,
10760,10761,10762,10763,";警報画面1,2　警告画面　動作表示",,,,,,,1,4,,,
10948,10949,;ユーザーレベル/選択言語,,,,,,,,,1,2,,,
65534,;予備,,,,,,,,,,1,2,,,
65534,;予備,,,,,,,,,,1,2,,,
65534,;予備,,,,,,,,,,1,2,,,
51568,51569,51570,51573,51574,;自由パレタイズ5　現在位置,,,,,,,20,,,
23216,23217,23218,23221,23222,;自由パレタイズ5　速度,,,,,,,10,,,
10835,10899,;,,,;自由パレタイズ5　ポイント数　カウント値,,,,,,,2,,,
65523,754,58880,;,,;自由パレタイズ5　P754～　1-2-3-6-7軸選択,,,,,,,162,,,
;group,43,;自由パレタイズ6,,,;read address02A,,,,,,,238,,,
11325,;現在ファイル番号,,,,,,,,,,1,2,,,
65472,;現在ファイルコメント,,,,,,,,,,1,20,,,
65440,;現在時刻,,,,,,,,,,1,6,,,
3456,3457,3458,3459,3460,3461,3462,3463,;シーケンサー情報1,,,1,1,,,
3464,3465,3466,3467,3468,3469,2677,2688,;シーケンサー情報2,,,1,1,,,
10840,10764,;全体速度/教示速度,,,,,,,,,1,2,,,
10760,10761,10762,10763,";警報画面1,2　警告画面　動作表示",,,,,,,1,4,,,
10948,10949,;ユーザーレベル/選択言語,,,,,,,,,1,2,,,
65534,;予備,,,,,,,,,,1,2,,,
65534,;予備,,,,,,,,,,1,2,,,
65534,;予備,,,,,,,,,,1,2,,,
51568,51569,51570,51573,51574,;自由パレタイズ6　現在位置,,,,,,,20,,,
24032,24033,24034,24037,24038,;自由パレタイズ6　速度,,,,,,,10,,,
10836,10900,;,,,;自由パレタイズ6　ポイント数　カウント値,,,,,,,2,,,
65523,805,58880,;,,;自由パレタイズ6　P805～　1-2-3-6-7軸選択,,,,,,,162,,,
;group,44,;自由パレタイズ7,,,;read address02B,,,,,,,238,,,
11325,;現在ファイル番号,,,,,,,,,,1,2,,,
65472,;現在ファイルコメント,,,,,,,,,,1,20,,,
65440,;現在時刻,,,,,,,,,,1,6,,,
3456,3457,3458,3459,3460,3461,3462,3463,;シーケンサー情報1,,,1,1,,,
3464,3465,3466,3467,3468,3469,2677,2688,;シーケンサー情報2,,,1,1,,,
10840,10764,;全体速度/教示速度,,,,,,,,,1,2,,,
10760,10761,10762,10763,";警報画面1,2　警告画面　動作表示",,,,,,,1,4,,,
10948,10949,;ユーザーレベル/選択言語,,,,,,,,,1,2,,,
65534,;予備,,,,,,,,,,1,2,,,
65534,;予備,,,,,,,,,,1,2,,,
65534,;予備,,,,,,,,,,1,2,,,
51568,51569,51570,51573,51574,;自由パレタイズ7　現在位置,,,,,,,20,,,
24848,24849,24850,24853,24854,;自由パレタイズ7　速度,,,,,,,10,,,
10837,10901,;,,,;自由パレタイズ7　ポイント数　カウント値,,,,,,,2,,,
65523,856,58880,;,,;自由パレタイズ7　P856～　1-2-3-6-7軸選択,,,,,,,162,,,
;group,45,;自由パレタイズ8,,,;read address02C,,,,,,,238,,,
11325,;現在ファイル番号,,,,,,,,,,1,2,,,
65472,;現在ファイルコメント,,,,,,,,,,1,20,,,
65440,;現在時刻,,,,,,,,,,1,6,,,
3456,3457,3458,3459,3460,3461,3462,3463,;シーケンサー情報1,,,1,1,,,
3464,3465,3466,3467,3468,3469,2677,2688,;シーケンサー情報2,,,1,1,,,
10840,10764,;全体速度/教示速度,,,,,,,,,1,2,,,
10760,10761,10762,10763,";警報画面1,2　警告画面　動作表示",,,,,,,1,4,,,
10948,10949,;ユーザーレベル/選択言語,,,,,,,,,1,2,,,
65534,;予備,,,,,,,,,,1,2,,,
65534,;予備,,,,,,,,,,1,2,,,
65534,;予備,,,,,,,,,,1,2,,,
51568,51569,51570,51573,51574,;自由パレタイズ8　現在位置,,,,,,,20,,,
25664,25665,25666,25669,25670,;自由パレタイズ8　速度,,,,,,,10,,,
10838,10902,;,,,;自由パレタイズ8　ポイント数　カウント値,,,,,,,2,,,
65523,907,58880,;,,;自由パレタイズ8　P907～　1-2-3-6-7軸選択,,,,,,,162,,,
;group,46,;パス設定画面,,,;read address02D,,,,,,,170,,,
11325,;現在ファイル番号,,,,,,,,,,1,2,,,
65472,;現在ファイルコメント,,,,,,,,,,1,20,,,
65440,;現在時刻,,,,,,,,,,1,6,,,
3456,3457,3458,3459,3460,3461,3462,3463,;シーケンサー情報1,,,1,1,,,
3464,3465,3466,3467,3468,3469,2677,2688,;シーケンサー情報2,,,1,1,,,
10840,10764,;全体速度/教示速度,,,,,,,,,1,2,,,
10760,10761,10762,10763,";警報画面1,2　警告画面　動作表示",,,,,,,1,4,,,
10948,10949,;ユーザーレベル/選択言語,,,,,,,,,1,2,,,
65534,;予備,,,,,,,,,,1,2,,,
65534,;予備,,,,,,,,,,1,2,,,
65534,;予備,,,,,,,,,,1,2,,,
2816,2822,2821,2833,2832,2819,2840,65532,;HL 原点センサー,,,1,1,,,
2818,65532,65532,65532,65532,2820,2841,65532,;OL オーバーランセンサー,,,1,1,,,
2640,2641,2642,2643,2644,2645,2646,65532,;MB メカブレーキ開放,,,1,1,,,
65532,65532,65532,65532,65532,65532,65532,65532,;予備,,,1,1,,,
51568,27840,65280,27808,27824,;1番目軸　現在位置、速度、エンコーダ、Z相位置、トルク,,,,,,1,14,,,
51569,27841,65281,27809,27825,;2番目軸　現在位置、速度、エンコーダ、Z相位置、トルク,,,,,,1,14,,,
51570,27842,65282,27810,27826,;3番目軸　現在位置、速度、エンコーダ、Z相位置、トルク,,,,,,1,14,,,
51571,27843,65283,27811,27827,;4番目軸　現在位置、速度、エンコーダ、Z相位置、トルク,,,,,,1,14,,,
51572,27844,65284,27812,27828,;5番目軸　現在位置、速度、エンコーダ、Z相位置、トルク,,,,,,1,14,,,
51573,27845,65285,27813,27829,;6番目軸　現在位置、速度、エンコーダ、Z相位置、トルク,,,,,,1,14,,,
51574,27846,65286,27814,27830,;7番目軸　現在位置、速度、エンコーダ、Z相位置、トルク,,,,,,1,14,,,
27794,27810,;製品側取出パス設定　下降／上昇,,,,,,,,,,8,,,
27796,27812,;ランナー側取出パス設定　下降／上昇,,,,,,,,,,8,,,
27792,27808,;開放側パス　下降／上昇,,,,,,,,,,8,,,
;group,47,;加速度設定画面,,,;read address02E,,,,,,,164,,,
11325,;現在ファイル番号,,,,,,,,,,1,2,,,
65472,;現在ファイルコメント,,,,,,,,,,1,20,,,
65440,;現在時刻,,,,,,,,,,1,6,,,
3456,3457,3458,3459,3460,3461,3462,3463,;シーケンサー情報1,,,1,1,,,
3464,3465,3466,3467,3468,3469,2677,2688,;シーケンサー情報2,,,1,1,,,
10840,10764,;全体速度/教示速度,,,,,,,,,1,2,,,
10760,10761,10762,10763,";警報画面1,2　警告画面　動作表示",,,,,,,1,4,,,
10948,10949,;ユーザーレベル/選択言語,,,,,,,,,1,2,,,
65534,;予備,,,,,,,,,,1,2,,,
65534,;予備,,,,,,,,,,1,2,,,
65534,;予備,,,,,,,,,,1,2,,,
2816,2822,2821,2833,2832,2819,2840,65532,;HL 原点センサー,,,1,1,,,
2818,65532,65532,65532,65532,2820,2841,65532,;OL オーバーランセンサー,,,1,1,,,
2640,2641,2642,2643,2644,2645,2646,65532,;MB メカブレーキ開放,,,1,1,,,
65532,65532,65532,65532,65532,65532,65532,65532,;予備,,,1,1,,,
51568,27840,65280,27808,27824,;1番目軸　現在位置、速度、エンコーダ、Z相位置、トルク,,,,,,1,14,,,
51569,27841,65281,27809,27825,;2番目軸　現在位置、速度、エンコーダ、Z相位置、トルク,,,,,,1,14,,,
51570,27842,65282,27810,27826,;3番目軸　現在位置、速度、エンコーダ、Z相位置、トルク,,,,,,1,14,,,
51571,27843,65283,27811,27827,;4番目軸　現在位置、速度、エンコーダ、Z相位置、トルク,,,,,,1,14,,,
51572,27844,65284,27812,27828,;5番目軸　現在位置、速度、エンコーダ、Z相位置、トルク,,,,,,1,14,,,
51573,27845,65285,27813,27829,;6番目軸　現在位置、速度、エンコーダ、Z相位置、トルク,,,,,,1,14,,,
51574,27846,65286,27814,27830,;7番目軸　現在位置、速度、エンコーダ、Z相位置、トルク,,,,,,1,14,,,
10904,10905,;1軸目　加速時間／減速時間,,,,,,,,,,2,,,
10906,10907,;2軸目　加速時間／減速時間,,,,,,,,,,2,,,
10908,10909,;3軸目　加速時間／減速時間,,,,,,,,,,2,,,
10910,10911,;4軸目　加速時間／減速時間,,,,,,,,,,2,,,
10912,10913,;5軸目　加速時間／減速時間,,,,,,,,,,2,,,
10914,10915,;6軸目　加速時間／減速時間,,,,,,,,,,2,,,
10916,10917,;7軸目　加速時間／減速時間,,,,,,,,,,2,,,
10936,10937,;補間動作　加速時間／減速時間,,,,,,,,,,2,,,
10840,10844,;全体速度　全体加速度,,,,,,,,,,2,,,
;group,48,;可動領域設定画面,,,;read address02F,,,,,,,230,,,
11325,;現在ファイル番号,,,,,,,,,,1,2,,,
65472,;現在ファイルコメント,,,,,,,,,,1,20,,,
65440,;現在時刻,,,,,,,,,,1,6,,,
3456,3457,3458,3459,3460,3461,3462,3463,;シーケンサー情報1,,,1,1,,,
3464,3465,3466,3467,3468,3469,2677,2688,;シーケンサー情報2,,,1,1,,,
10840,10764,;全体速度/教示速度,,,,,,,,,1,2,,,
10760,10761,10762,10763,";警報画面1,2　警告画面　動作表示",,,,,,,1,4,,,
10948,10949,;ユーザーレベル/選択言語,,,,,,,,,1,2,,,
65534,;予備,,,,,,,,,,1,2,,,
65534,;予備,,,,,,,,,,1,2,,,
65534,;予備,,,,,,,,,,1,2,,,
2816,2822,2821,2833,2832,2819,2840,65532,;HL 原点センサー,,,1,1,,,
2818,65532,65532,65532,65532,2820,2841,65532,;OL オーバーランセンサー,,,1,1,,,
2640,2641,2642,2643,2644,2645,2646,65532,;MB メカブレーキ開放,,,1,1,,,
65532,65532,65532,65532,65532,65532,65532,65532,;予備,,,1,1,,,
51568,27840,65280,27808,27824,;1番目軸　現在位置、速度、エンコーダ、Z相位置、トルク,,,,,,1,14,,,
51569,27841,65281,27809,27825,;2番目軸　現在位置、速度、エンコーダ、Z相位置、トルク,,,,,,1,14,,,
51570,27842,65282,27810,27826,;3番目軸　現在位置、速度、エンコーダ、Z相位置、トルク,,,,,,1,14,,,
51571,27843,65283,27811,27827,;4番目軸　現在位置、速度、エンコーダ、Z相位置、トルク,,,,,,1,14,,,
51572,27844,65284,27812,27828,;5番目軸　現在位置、速度、エンコーダ、Z相位置、トルク,,,,,,1,14,,,
51573,27845,65285,27813,27829,;6番目軸　現在位置、速度、エンコーダ、Z相位置、トルク,,,,,,1,14,,,
51574,27846,65286,27814,27830,;7番目軸　現在位置、速度、エンコーダ、Z相位置、トルク,,,,,,1,14,,,
2816,2822,2821,2833,2832,2819,2840,65532,;HL 原点センサー,,,,1,,,
2818,65532,65532,65532,65532,2820,2841,65532,;OL オーバーランセンサー,,,,1,,,
2816,2817,65532,65532,65532,65532,65532,65532,;取出側領域/開放側領域　センサー,,,,1,,,
65532,65532,65532,65532,65532,65532,65532,65532,;予備,,,,1,,,
43312,43313,43314,43315,43316,;取出側　最小値　（上下軸は下降待機最大値）,,,,,,,20,,,
43328,43329,43330,43331,43332,;取出側　最大値,,,,,,,20,,,
43344,43345,43346,43347,43348,;開放側　最小値　(上下軸は未使用）,,,,,,,20,,,
43360,43361,43362,43363,43364,;開放側　最大値,,,,,,,20,,,
;group,49,;機械パラメータ設定画面1,,,;read address030,,,,,,,240,,,
11325,;現在ファイル番号,,,,,,,,,,1,2,,,
65472,;現在ファイルコメント,,,,,,,,,,1,20,,,
65440,;現在時刻,,,,,,,,,,1,6,,,
3456,3457,3458,3459,3460,3461,3462,3463,;シーケンサー情報1,,,1,1,,,
3464,3465,3466,3467,3468,3469,2677,2688,;シーケンサー情報2,,,1,1,,,
10840,10764,;全体速度/教示速度,,,,,,,,,1,2,,,
10760,10761,10762,10763,";警報画面1,2　警告画面　動作表示",,,,,,,1,4,,,
10948,10949,;ユーザーレベル/選択言語,,,,,,,,,1,2,,,
65534,;予備,,,,,,,,,,1,2,,,
65534,;予備,,,,,,,,,,1,2,,,
65534,;予備,,,,,,,,,,1,2,,,
,,,,,,,;,,,,,28,,,
,,,,,,,;,,,,,28,,,
,,,,,,,;,,,,,28,,,
,,,,,,,;,,,,,28,,,
,,,,,,,;,,,,,28,,,
,,,,,,,;,,,,,28,,,
,,,,,,,;,,,,,28,,,
;group,50,;機械パラメータ設定画面2,,,;read address031,,,,,,,240,,,
11325,;現在ファイル番号,,,,,,,,,,1,2,,,
65472,;現在ファイルコメント,,,,,,,,,,1,20,,,
65440,;現在時刻,,,,,,,,,,1,6,,,
3456,3457,3458,3459,3460,3461,3462,3463,;シーケンサー情報1,,,1,1,,,
3464,3465,3466,3467,3468,3469,2677,2688,;シーケンサー情報2,,,1,1,,,
10840,10764,;全体速度/教示速度,,,,,,,,,1,2,,,
10760,10761,10762,10763,";警報画面1,2　警告画面　動作表示",,,,,,,1,4,,,
10948,10949,;ユーザーレベル/選択言語,,,,,,,,,1,2,,,
65534,;予備,,,,,,,,,,1,2,,,
65534,;予備,,,,,,,,,,1,2,,,
65534,;予備,,,,,,,,,,1,2,,,
,,,,,,,;,,,,,28,,,
,,,,,,,;,,,,,28,,,
,,,,,,,;,,,,,28,,,
,,,,,,,;,,,,,28,,,
,,,,,,,;,,,,,28,,,
,,,,,,,;,,,,,28,,,
,,,,,,,;,,,,,28,,,
;group,51,;機械パラメータ設定画面3,,,;read address032,,,,,,,240,,,
11325,;現在ファイル番号,,,,,,,,,,1,2,,,
65472,;現在ファイルコメント,,,,,,,,,,1,20,,,
65440,;現在時刻,,,,,,,,,,1,6,,,
3456,3457,3458,3459,3460,3461,3462,3463,;シーケンサー情報1,,,1,1,,,
3464,3465,3466,3467,3468,3469,2677,2688,;シーケンサー情報2,,,1,1,,,
10840,10764,;全体速度/教示速度,,,,,,,,,1,2,,,
10760,10761,10762,10763,";警報画面1,2　警告画面　動作表示",,,,,,,1,4,,,
10948,10949,;ユーザーレベル/選択言語,,,,,,,,,1,2,,,
65534,;予備,,,,,,,,,,1,2,,,
65534,;予備,,,,,,,,,,1,2,,,
65534,;予備,,,,,,,,,,1,2,,,
,,,,,,,;,,,,,28,,,
,,,,,,,;,,,,,28,,,
,,,,,,,;,,,,,28,,,
,,,,,,,;,,,,,28,,,
,,,,,,,;,,,,,28,,,
,,,,,,,;,,,,,28,,,
,,,,,,,;,,,,,28,,,
;group,52,;AMPパラメータ設定画面1,,,;read address033,,,,,,,240,,,
11325,;現在ファイル番号,,,,,,,,,,1,2,,,
65472,;現在ファイルコメント,,,,,,,,,,1,20,,,
65440,;現在時刻,,,,,,,,,,1,6,,,
3456,3457,3458,3459,3460,3461,3462,3463,;シーケンサー情報1,,,1,1,,,
3464,3465,3466,3467,3468,3469,2677,2688,;シーケンサー情報2,,,1,1,,,
10840,10764,;全体速度/教示速度,,,,,,,,,1,2,,,
10760,10761,10762,10763,";警報画面1,2　警告画面　動作表示",,,,,,,1,4,,,
10948,10949,;ユーザーレベル/選択言語,,,,,,,,,1,2,,,
65534,;予備,,,,,,,,,,1,2,,,
65534,;予備,,,,,,,,,,1,2,,,
65534,;予備,,,,,,,,,,1,2,,,
,,,,,,,;,,,,,28,,,
,,,,,,,;,,,,,28,,,
,,,,,,,;,,,,,28,,,
,,,,,,,;,,,,,28,,,
,,,,,,,;,,,,,28,,,
,,,,,,,;,,,,,28,,,
,,,,,,,;,,,,,28,,,
;group,53,;AMPパラメータ設定画面2,,,;read address034,,,,,,,240,,,
11325,;現在ファイル番号,,,,,,,,,,1,2,,,
65472,;現在ファイルコメント,,,,,,,,,,1,20,,,
65440,;現在時刻,,,,,,,,,,1,6,,,
3456,3457,3458,3459,3460,3461,3462,3463,;シーケンサー情報1,,,1,1,,,
3464,3465,3466,3467,3468,3469,2677,2688,;シーケンサー情報2,,,1,1,,,
10840,10764,;全体速度/教示速度,,,,,,,,,1,2,,,
10760,10761,10762,10763,";警報画面1,2　警告画面　動作表示",,,,,,,1,4,,,
10948,10949,;ユーザーレベル/選択言語,,,,,,,,,1,2,,,
65534,;予備,,,,,,,,,,1,2,,,
65534,;予備,,,,,,,,,,1,2,,,
65534,;予備,,,,,,,,,,1,2,,,
,,,,,,,;,,,,,28,,,
,,,,,,,;,,,,,28,,,
,,,,,,,;,,,,,28,,,
,,,,,,,;,,,,,28,,,
,,,,,,,;,,,,,28,,,
,,,,,,,;,,,,,28,,,
,,,,,,,;,,,,,28,,,
;group,54,;AMPパラメータ設定画面3,,,;read address035,,,,,,,240,,,
11325,;現在ファイル番号,,,,,,,,,,1,2,,,
65472,;現在ファイルコメント,,,,,,,,,,1,20,,,
65440,;現在時刻,,,,,,,,,,1,6,,,
3456,3457,3458,3459,3460,3461,3462,3463,;シーケンサー情報1,,,1,1,,,
3464,3465,3466,3467,3468,3469,2677,2688,;シーケンサー情報2,,,1,1,,,
10840,10764,;全体速度/教示速度,,,,,,,,,1,2,,,
10760,10761,10762,10763,";警報画面1,2　警告画面　動作表示",,,,,,,1,4,,,
10948,10949,;ユーザーレベル/選択言語,,,,,,,,,1,2,,,
65534,;予備,,,,,,,,,,1,2,,,
65534,;予備,,,,,,,,,,1,2,,,
65534,;予備,,,,,,,,,,1,2,,,
,,,,,,,;,,,,,28,,,
,,,,,,,;,,,,,28,,,
,,,,,,,;,,,,,28,,,
,,,,,,,;,,,,,28,,,
,,,,,,,;,,,,,28,,,
,,,,,,,;,,,,,28,,,
,,,,,,,;,,,,,28,,,
;group,55,;AMPパラメータ設定画面4,,,;read address036,,,,,,,240,,,
11325,;現在ファイル番号,,,,,,,,,,1,2,,,
65472,;現在ファイルコメント,,,,,,,,,,1,20,,,
65440,;現在時刻,,,,,,,,,,1,6,,,
3456,3457,3458,3459,3460,3461,3462,3463,;シーケンサー情報1,,,1,1,,,
3464,3465,3466,3467,3468,3469,2677,2688,;シーケンサー情報2,,,1,1,,,
10840,10764,;全体速度/教示速度,,,,,,,,,1,2,,,
10760,10761,10762,10763,";警報画面1,2　警告画面　動作表示",,,,,,,1,4,,,
10948,10949,;ユーザーレベル/選択言語,,,,,,,,,1,2,,,
65534,;予備,,,,,,,,,,1,2,,,
65534,;予備,,,,,,,,,,1,2,,,
65534,;予備,,,,,,,,,,1,2,,,
,,,,,,,;,,,,,28,,,
,,,,,,,;,,,,,28,,,
,,,,,,,;,,,,,28,,,
,,,,,,,;,,,,,28,,,
,,,,,,,;,,,,,28,,,
,,,,,,,;,,,,,28,,,
,,,,,,,;,,,,,28,,,
;group,56,;AMPパラメータ設定画面5,,,;read address037,,,,,,,240,,,
11325,;現在ファイル番号,,,,,,,,,,1,2,,,
65472,;現在ファイルコメント,,,,,,,,,,1,20,,,
65440,;現在時刻,,,,,,,,,,1,6,,,
3456,3457,3458,3459,3460,3461,3462,3463,;シーケンサー情報1,,,1,1,,,
3464,3465,3466,3467,3468,3469,2677,2688,;シーケンサー情報2,,,1,1,,,
10840,10764,;全体速度/教示速度,,,,,,,,,1,2,,,
10760,10761,10762,10763,";警報画面1,2　警告画面　動作表示",,,,,,,1,4,,,
10948,10949,;ユーザーレベル/選択言語,,,,,,,,,1,2,,,
65534,;予備,,,,,,,,,,1,2,,,
65534,;予備,,,,,,,,,,1,2,,,
65534,;予備,,,,,,,,,,1,2,,,
,,,,,,,;,,,,,28,,,
,,,,,,,;,,,,,28,,,
,,,,,,,;,,,,,28,,,
,,,,,,,;,,,,,28,,,
,,,,,,,;,,,,,28,,,
,,,,,,,;,,,,,28,,,
,,,,,,,;,,,,,28,,,
;group,57,;バージョン表示画面,,,;read address038,,,,,,,246,,,
11325,;現在ファイル番号,,,,,,,,,,1,2,,,
65472,;現在ファイルコメント,,,,,,,,,,1,20,,,
65440,;現在時刻,,,,,,,,,,1,6,,,
3456,3457,3458,3459,3460,3461,3462,3463,;シーケンサー情報1,,,1,1,,,
3464,3465,3466,3467,3468,3469,2677,2688,;シーケンサー情報2,,,1,1,,,
10840,10764,;全体速度/教示速度,,,,,,,,,1,2,,,
10760,10761,10762,10763,";警報画面1,2　警告画面　動作表示",,,,,,,1,4,,,
10948,10949,;ユーザーレベル/選択言語,,,,,,,,,1,2,,,
65534,;予備,,,,,,,,,,1,2,,,
65534,;予備,,,,,,,,,,1,2,,,
65534,;予備,,,,,,,,,,1,2,,,
65525,;バージョンデータ　10件20byteが3回に分割されて転送されて来ます。（先頭wordが1⇒2⇒3⇒1・・・）,,,,,,,,,,,202,,,
;group,58,;コントローラ設定画面,,,;read address039,,,,,,,122,,,
11325,;現在ファイル番号,,,,,,,,,,1,2,,,
65472,;現在ファイルコメント,,,,,,,,,,1,20,,,
65440,;現在時刻,,,,,,,,,,1,6,,,
3456,3457,3458,3459,3460,3461,3462,3463,;シーケンサー情報1,,,1,1,,,
3464,3465,3466,3467,3468,3469,2677,2688,;シーケンサー情報2,,,1,1,,,
10840,10764,;全体速度/教示速度,,,,,,,,,1,2,,,
10760,10761,10762,10763,";警報画面1,2　警告画面　動作表示",,,,,,,1,4,,,
10948,10949,;ユーザーレベル/選択言語,,,,,,,,,1,2,,,
65534,;予備,,,,,,,,,,1,2,,,
65534,;予備,,,,,,,,,,1,2,,,
65534,;予備,,,,,,,,,,1,2,,,
3472,3473,3474,3475,3476,3477,3478,3479,;システムモード,,,,1,,,
3480,3481,3482,3483,3484,3485,3486,3487,;システムモード,,,,1,,,
2704,2705,2706,2707,2708,2709,2710,2711,;軸接続選択状態,,,,1,,,
2712,2713,2714,2715,2716,2717,2718,2719,;軸接続選択状態,,,,1,,,
65473,;,,,,,,,;機械名称,,,,6,,,
65441,;,,,,,,,;機械設置日時,,,,6,,,
10950,10958,;,,,,,,;画面OFF時間、LCD輝度,,,,2,,,
65456,;,,,,,,,;IP ADDRESS 1,,,,6,,,
65457,;,,,,,, ,;SUBNET MASK 1,,,,6,,,
65458,;,,,,,,,;MAC ADDRESS 1,,,,6,,,
65459,;,,,,,,,;MODBUS ADDRESS 1,,,,6,,,
65460,;,,,,,,,;IP ADDRESS 2,,,,6,,,
65461,;,,,,,,,;SUBNET MASK 2,,,,6,,,
65462,;,,,,,,,;MAC ADDRESS 2,,,,6,,,
65463,;,,,,,,,;MODBUS ADDRESS 2,,,,6,,,
27632,27633,27634,27635,;,,,,;パスワード,,,,8,,,
27636,;,,,,,,,;残り可動日数,,,,2,,,
27637,,,,,,,,;解除コード,,,,2,,,
;group,59,;ＣＮＴディレクトリー表示,,,;read address03A,,,,,,,254,,,
11325,;現在ファイル番号,,,,,,,,,,1,2,,,
65472,;現在ファイルコメント,,,,,,,,,,1,20,,,
65440,;現在時刻,,,,,,,,,,1,6,,,
3456,3457,3458,3459,3460,3461,3462,3463,;シーケンサー情報1,,,1,1,,,
3464,3465,3466,3467,3468,3469,2677,2688,;シーケンサー情報2,,,1,1,,,
10840,10764,;全体速度/教示速度,,,,,,,,,1,2,,,
10760,10761,10762,10763,";警報画面1,2　警告画面　動作表示",,,,,,,1,4,,,
10948,10949,;ユーザーレベル/選択言語,,,,,,,,,1,2,,,
65534,;予備,,,,,,,,,,1,2,,,
65534,;予備,,,,,,,,,,1,2,,,
65534,;予備,,,,,,,,,,1,2,,,
65490,;コントローラ内部ファイル領域　ディレクトリー　（13file×16文字＋2ページ番号),,,,,,,,,,,210,,,
;group,60,:全軸AMPモニター表示,,,;read address03B,,,,,,,186,,,
11325,;現在ファイル番号,,,,,,,,,,1,2,,,
65472,;現在ファイルコメント,,,,,,,,,,1,20,,,
65440,;現在時刻,,,,,,,,,,1,6,,,
3456,3457,3458,3459,3460,3461,3462,3463,;シーケンサー情報1,,,1,1,,,
3464,3465,3466,3467,3468,3469,2677,2688,;シーケンサー情報2,,,1,1,,,
10840,10764,;全体速度/教示速度,,,,,,,,,1,2,,,
10760,10761,10762,10763,";警報画面1,2　警告画面　動作表示",,,,,,,1,4,,,
10948,10949,;ユーザーレベル/選択言語,,,,,,,,,1,2,,,
65534,;予備,,,,,,,,,,1,2,,,
65534,;予備,,,,,,,,,,1,2,,,
65534,;予備,,,,,,,,,,1,2,,,
2656,2657,2658,2659,2660,2661,2662,2663,,,,,1,,,
2664,2665,2666,2667,2668,2669,2670,2671,,,,,1,,,
65280,65281,65282,65283,65284,65285,65286,;現在パルス,,,,,28,,,
65296,65297,65298,65299,65300,65301,65302,;目標パルス,,,,,14,,,
27584,27585,27586,27587,27588,27589,27590,;現在速度,,,,,14,,,
27616,27617,27618,27619,27620,27621,27622,;目標速度,,,,,14,,,
27568,27569,27570,27571,27572,27573,27574,;現在トルク,,,,,14,,,
27600,27601,27602,27603,27604,27605,27606,;指令トルク,,,,,14,,,
27632,27633,27634,27635,27636,27637,27638,;モータ負荷率,,,,,14,,,
27648,27649,27650,27651,27652,27653,27654,;回生負荷率,,,,,14,,,
27664,27665,27666,27667,27668,27669,27670,;DC電源電圧,,,,,14,,,
;group,61,;1軸AMPモニター表示,,,;read address03C,,,,,,,246,,,
11325,;現在ファイル番号,,,,,,,,,,1,2,,,
65472,;現在ファイルコメント,,,,,,,,,,1,20,,,
65440,;現在時刻,,,,,,,,,,1,6,,,
3456,3457,3458,3459,3460,3461,3462,3463,;シーケンサー情報1,,,1,1,,,
3464,3465,3466,3467,3468,3469,2677,2688,;シーケンサー情報2,,,1,1,,,
10840,10764,;全体速度/教示速度,,,,,,,,,1,2,,,
10760,10761,10762,10763,";警報画面1,2　警告画面　動作表示",,,,,,,1,4,,,
10948,10949,;ユーザーレベル/選択言語,,,,,,,,,1,2,,,
65534,;予備,,,,,,,,,,1,2,,,
65534,;予備,,,,,,,,,,1,2,,,
65534,;予備,,,,,,,,,,1,2,,,
65491,;モニター軸選択(27750)で選択された軸の速度・トルクデータ過去50件分,,,,,,,,,,,202,,,
;group,62,;３軸AMPモニター表示,,,;read address03D,,,,,,,250,,,
11325,;現在ファイル番号,,,,,,,,,,1,2,,,
65472,;現在ファイルコメント,,,,,,,,,,1,20,,,
65440,;現在時刻,,,,,,,,,,1,6,,,
3456,3457,3458,3459,3460,3461,3462,3463,;シーケンサー情報1,,,1,1,,,
3464,3465,3466,3467,3468,3469,2677,2688,;シーケンサー情報2,,,1,1,,,
10840,10764,;全体速度/教示速度,,,,,,,,,1,2,,,
10760,10761,10762,10763,";警報画面1,2　警告画面　動作表示",,,,,,,1,4,,,
10948,10949,;ユーザーレベル/選択言語,,,,,,,,,1,2,,,
65534,;予備,,,,,,,,,,1,2,,,
65534,;予備,,,,,,,,,,1,2,,,
65534,;予備,,,,,,,,,,1,2,,,
65492,;モニター軸選択(27750)で選択された軸の速度・トルクデータ過去16件分,,,,,,,,,,,206,,,
;group,63,;入力制御,,,;read address03E,,,,,,,236,,,
11325,;現在ファイル番号,,,,,,,,,,1,2,,,
65472,;現在ファイルコメント,,,,,,,,,,1,20,,,
65440,;現在時刻,,,,,,,,,,1,6,,,
3456,3457,3458,3459,3460,3461,3462,3463,;シーケンサー情報1,,,1,1,,,
3464,3465,3466,3467,3468,3469,2677,2688,;シーケンサー情報2,,,1,1,,,
10840,10764,;全体速度/教示速度,,,,,,,,,1,2,,,
10760,10761,10762,10763,";警報画面1,2　警告画面　動作表示",,,,,,,1,4,,,
10948,10949,;ユーザーレベル/選択言語,,,,,,,,,1,2,,,
65534,;予備,,,,,,,,,,1,2,,,
65534,;予備,,,,,,,,,,1,2,,,
65534,;予備,,,,,,,,,,1,2,,,
65518,;実入力・反転・強制ON・強制OFF・入替・シーケンサーメモリー,,,,,,,,,,,192,,,
;group,64,;出力制御,,,;read address03F,,,,,,,236,,,
11325,;現在ファイル番号,,,,,,,,,,1,2,,,
65472,;現在ファイルコメント,,,,,,,,,,1,20,,,
65440,;現在時刻,,,,,,,,,,1,6,,,
3456,3457,3458,3459,3460,3461,3462,3463,;シーケンサー情報1,,,1,1,,,
3464,3465,3466,3467,3468,3469,2677,2688,;シーケンサー情報2,,,1,1,,,
10840,10764,;全体速度/教示速度,,,,,,,,,1,2,,,
10760,10761,10762,10763,";警報画面1,2　警告画面　動作表示",,,,,,,1,4,,,
10948,10949,;ユーザーレベル/選択言語,,,,,,,,,1,2,,,
65534,;予備,,,,,,,,,,1,2,,,
65534,;予備,,,,,,,,,,1,2,,,
65534,;予備,,,,,,,,,,1,2,,,
65519,;実出力・反転・強制ON・強制OFF・入替・シーケンサーメモリー,,,,,,,,,,,192,,,
;group,65,;入出力詳細表示,,,;read address040,,,,,,,68,,,
11325,;現在ファイル番号,,,,,,,,,,1,2,,,
65472,;現在ファイルコメント,,,,,,,,,,1,20,,,
65440,;現在時刻,,,,,,,,,,1,6,,,
3456,3457,3458,3459,3460,3461,3462,3463,;シーケンサー情報1,,,1,1,,,
3464,3465,3466,3467,3468,3469,2677,2688,;シーケンサー情報2,,,1,1,,,
10840,10764,;全体速度/教示速度,,,,,,,,,1,2,,,
10760,10761,10762,10763,";警報画面1,2　警告画面　動作表示",,,,,,,1,4,,,
10948,10949,;ユーザーレベル/選択言語,,,,,,,,,1,2,,,
65534,;予備,,,,,,,,,,1,2,,,
65534,;予備,,,,,,,,,,1,2,,,
65534,;予備,,,,,,,,,,1,2,,,
,,,;page1,,,,,,,,,6,,,
,,,;,,,,,,,,,,,,
,,,;,,,,,,,,,,,,
,,,;,,,,,,,,,,,,
,,,;,,,,,,,,,,,,
,,,;,,,,,,,,,,,,
,,,;,,,,,,,,,,,,
,,,;,,,,,,,,,,,,
,,,;,,,,,,,,,,,,
,,,;,,,,,,,,,,,,
,,,;,,,,,,,,,,,,
,,,;,,,,,,,,,,,,
,,,;,,,,,,,,,,,,
,,,;,,,,,,,,,,,,
,,,;,,,,,,,,,,,,
,,,;,,,,,,,,,,,,
,,,;page2,,,,,,,,,6,,,
,,,;,,,,,,,,,,,,
,,,;,,,,,,,,,,,,
,,,;,,,,,,,,,,,,
,,,;,,,,,,,,,,,,
,,,;,,,,,,,,,,,,
,,,;,,,,,,,,,,,,
,,,;,,,,,,,,,,,,
,,,;,,,,,,,,,,,,
,,,;,,,,,,,,,,,,
,,,;,,,,,,,,,,,,
,,,;,,,,,,,,,,,,
,,,;,,,,,,,,,,,,
,,,;,,,,,,,,,,,,
,,,;,,,,,,,,,,,,
,,,;,,,,,,,,,,,,
,,,;page3,,,,,,,,,6,,,
,,,;,,,,,,,,,,,,
,,,;,,,,,,,,,,,,
,,,;,,,,,,,,,,,,
,,,;,,,,,,,,,,,,
,,,;,,,,,,,,,,,,
,,,;,,,,,,,,,,,,
,,,;,,,,,,,,,,,,
,,,;,,,,,,,,,,,,
,,,;,,,,,,,,,,,,
,,,;,,,,,,,,,,,,
,,,;,,,,,,,,,,,,
,,,;,,,,,,,,,,,,
,,,;,,,,,,,,,,,,
,,,;,,,,,,,,,,,,
,,,;,,,,,,,,,,,,
,,,;page4,,,,,,,,,6,,,
,,,;,,,,,,,,,,,,
,,,;,,,,,,,,,,,,
,,,;,,,,,,,,,,,,
,,,;,,,,,,,,,,,,
,,,;,,,,,,,,,,,,
,,,;,,,,,,,,,,,,
,,,;,,,,,,,,,,,,
,,,;,,,,,,,,,,,,
,,,;,,,,,,,,,,,,
,,,;,,,,,,,,,,,,
,,,;,,,,,,,,,,,,
,,,;,,,,,,,,,,,,
,,,;,,,,,,,,,,,,
,,,;,,,,,,,,,,,,
,,,;,,,,,,,,,,,,
;group,66,;アラーム履歴表示,,,;read address041,,,,,,,254,,,
11325,;現在ファイル番号,,,,,,,,,,1,2,,,
65472,;現在ファイルコメント,,,,,,,,,,1,20,,,
65440,;現在時刻,,,,,,,,,,1,6,,,
3456,3457,3458,3459,3460,3461,3462,3463,;シーケンサー情報1,,,1,1,,,
3464,3465,3466,3467,3468,3469,2677,2688,;シーケンサー情報2,,,1,1,,,
10840,10764,;全体速度/教示速度,,,,,,,,,1,2,,,
10760,10761,10762,10763,";警報画面1,2　警告画面　動作表示",,,,,,,1,4,,,
10948,10949,;ユーザーレベル/選択言語,,,,,,,,,1,2,,,
65534,;予備,,,,,,,,,,1,2,,,
65534,;予備,,,,,,,,,,1,2,,,
65534,;予備,,,,,,,,,,1,2,,,
,;アラーム履歴読出し　pageNo.　(タイムスタンプ＋アラーム番号）×26件,,,,,,,,,,,210,,,
;group,67,;操作履歴表示,,,;read address042,,,,,,,254,,,
11325,;現在ファイル番号,,,,,,,,,,1,2,,,
65472,;現在ファイルコメント,,,,,,,,,,1,20,,,
65440,;現在時刻,,,,,,,,,,1,6,,,
3456,3457,3458,3459,3460,3461,3462,3463,;シーケンサー情報1,,,1,1,,,
3464,3465,3466,3467,3468,3469,2677,2688,;シーケンサー情報2,,,1,1,,,
10840,10764,;全体速度/教示速度,,,,,,,,,1,2,,,
10760,10761,10762,10763,";警報画面1,2　警告画面　動作表示",,,,,,,1,4,,,
10948,10949,;ユーザーレベル/選択言語,,,,,,,,,1,2,,,
65534,;予備,,,,,,,,,,1,2,,,
65534,;予備,,,,,,,,,,1,2,,,
65534,;予備,,,,,,,,,,1,2,,,
,;操作履歴読出し　PageNo.,,,,,,,,,,,210,,,
;group,68,;I/O履歴表示,,,;read address043,,,,,,,254,,,
11325,;現在ファイル番号,,,,,,,,,,1,2,,,
65472,;現在ファイルコメント,,,,,,,,,,1,20,,,
65440,;現在時刻,,,,,,,,,,1,6,,,
3456,3457,3458,3459,3460,3461,3462,3463,;シーケンサー情報1,,,1,1,,,
3464,3465,3466,3467,3468,3469,2677,2688,;シーケンサー情報2,,,1,1,,,
10840,10764,;全体速度/教示速度,,,,,,,,,1,2,,,
10760,10761,10762,10763,";警報画面1,2　警告画面　動作表示",,,,,,,1,4,,,
10948,10949,;ユーザーレベル/選択言語,,,,,,,,,1,2,,,
65534,;予備,,,,,,,,,,1,2,,,
65534,;予備,,,,,,,,,,1,2,,,
65534,;予備,,,,,,,,,,1,2,,,
,;操作履歴読出し　PageNo.,,,,,,,,,,,210,,,
,,,,,,,,,,,,,,,
